NOMBRE,TIPO1,TIPO2,DOMICILIO,MAPS,HORARIO,TELEFONO
HES 25 MONTERREY,HOSPITAL,UNIDADES MEDICAS,"EJE METROPOLITANO 36 ESQ EJE METROPOLITANO 10 Y AV. GONZALITOS S/N  MONTERREY, COL. VALLE DE LAS MITRAS, MONTERREY, C.P. 64300, NUEVO LEÓN","https://maps.google.com/maps?q=25.7156,-100.35&z=15&iwloc=near&addr",N/D,N/D
UMF 9 SALINAS VICTORIA,CLÍNICA,UNIDADES MEDICAS,"CALLE ZARAGOZA 7  SALINAS VICTORIA, COL. VALLE DE SALINAS, SALINAS VICTORIA, C.P. 65500, NUEVO LEÓN","https://maps.google.com/maps?q=25.9672,-100.292&z=15&iwloc=near&addr",N/D,N/D
UMF 35 MONTERREY,CLÍNICA,UNIDADES MEDICAS,"AVENIDA SOLIDARIDAD Y MAGNOLIA S/N  MONTERREY, COL. RESIDENCIAL AZTALN, MONTERREY, C.P. 64250, NUEVO LEÓN","https://maps.google.com/maps?q=25.7325,-100.347&z=15&iwloc=near&addr",N/D,N/D
HGSMF 11 MONTEMORELOS,HOSPITAL,UNIDADES MEDICAS,"CALLE JOSÉ MA. PARAS Y BALLESTEROS S/N  MONTEMORELOS, COL. MONTEMORELOS CENTRO, MONTEMORELOS, C.P. 67500, NUEVO LEÓN","https://maps.google.com/maps?q=25.1848,-99.84&z=15&iwloc=near&addr",N/D,N/D
UMF 41 DR. GONZÁLEZ,CLÍNICA,UNIDADES MEDICAS,"CALLE MATAMOROS 109  DR. GONZALEZ, COL. DR. GONZÁLEZ, DR. GONZALEZ, C.P. 66750, NUEVO LEÓN","https://maps.google.com/maps?q=25.859,-99.9502&z=15&iwloc=near&addr",N/D,N/D
UNIDAD DE MEDICINA FAMILIAR (UMF) 36,MÓDULOS DE ATENCIÓN,MÓDULOS DE ATENCIÓN,"AV. LÁZARO CÁRDENAS 6751  S/N MONTERREY, COL. 15 DE SEPTIEMBRE, MONTERREY, C.P. 64760, NUEVO LEÓN","https://maps.google.com/maps?q=25.6311,-100.3&z=15&iwloc=near&addr",8:00 - 16:00,(818) 349 64 64
U-1171 CRECE Y APRENDE S.C.,GUARDERÍA,OTROS SERVICIOS,"JUNCO DE LA VEGA 408  MONTERREY, COL. ALTAVISTA, MONTERREY, C.P. 64840, NUEVO LEÓN","https://maps.google.com/maps?q=25.6471,-100.2845&z=15&iwloc=near&addr",07:00-16:30,6889865
U-0448 ASOCIACIÓN GUARDERÍA INFANTIL SAN NICOLÁS A.C.,GUARDERÍA,OTROS SERVICIOS,"EJERCITO CONSTITUCIONALISTA 285  SAN NICOLAS DE LOS GARZA, COL. CONSTITUYENTES DE QUERÉTARO 3ER SECTOR, SAN NICOLÁS DE LOS GARZA, C.P. 66490, NUEVO LEÓN","https://maps.google.com/maps?q=25.7232,-100.25521&z=15&iwloc=near&addr",07:00-16:00,6889865
UMF 68 RINCÓN DE LA SIERRA,CLÍNICA,UNIDADES MEDICAS,"AVENIDA MAESTRO ISRAEL CAVAZOS 350  GUADALUPE, COL. RINCÓN DE LA SIERRA, GUADALUPE, C.P. 67194, NUEVO LEÓN","https://maps.google.com/maps?q=25.6792,-100.235&z=15&iwloc=near&addr",LUNES A VIERNES. CON ATENCIÓN SÁBADO Y DOMINGO DE 07:00 A 21:30 HORAS EN CONSULTORIOS 1 2 3 4 5.,N/D
HOSPITAL GENERAL DE ZONA CON MEDICINA FAMILIARE (HGZ/MF) 02,MÓDULOS DE ATENCIÓN,MÓDULOS DE ATENCIÓN,"AV. FÉLIX U. GÓMEZ Y AV. EZEQUIEL E. CHÁVEZ S/N S/N MONTERREY, COL. CENTRO, MONTERREY, C.P. 64010, NUEVO LEÓN","https://maps.google.com/maps?q=25.6704,-100.295&z=15&iwloc=near&addr",8:00 - 21:30,(818) 150 31 32
UNIDAD DE MEDICINA FAMILIAR (UMF) 03,MÓDULOS DE ATENCIÓN,MÓDULOS DE ATENCIÓN,"AVE. FELIX U GOMEZ ESQ. COLÓN S/N S/N MONTERREY, COL. CENTRO, MONTERREY, C.P. 64000, NUEVO LEÓN","https://maps.google.com/maps?q=25.6842,-100.297&z=15&iwloc=near&addr",8:00 - 20:00,(818) 975 35 95
HOSPITAL GENERAL DE ZONA (HGZ) 04,MÓDULOS DE ATENCIÓN,MÓDULOS DE ATENCIÓN,"MATAMOROS Y ZUAZUA S/N S/N GUADALUPE, COL. CENTRO, GUADALUPE, C.P. 67100, NUEVO LEÓN","https://maps.google.com/maps?q=25.673,-100.262&z=15&iwloc=near&addr",8:00 - 21.30 LUNES A VIERNES Y 8:00 - 7:40 LUNES MIÉRCOLES Y VIERNES,(818) 354 2700
UNIDAD DE MEDICINA FAMILIAR (UMF) 05,MÓDULOS DE ATENCIÓN,MÓDULOS DE ATENCIÓN,"AV. IGNACIO MORONES PRIETO Y LOMA LARGA S/N S/N MONTERREY, COL. LOMA LARGA, MONTERREY, C.P. 64710, NUEVO LEÓN","https://maps.google.com/maps?q=25.6663,-100.338&z=15&iwloc=near&addr",8:00 - 20:00,(818) 343 85 50
UNIDAD DE MEDICINA FAMILIAR (UMF) 07,MÓDULOS DE ATENCIÓN,MÓDULOS DE ATENCIÓN,"BLVD. DIAZ ORDAZ Y MARIA CANTÚ S/N S/N SAN PEDRO GARZA GARCÍA, COL. LA LEONA, SAN PEDRO GARZA GARCÍA, C.P. 66210, NUEVO LEÓN","https://maps.google.com/maps?q=25.6743,-100.407&z=15&iwloc=near&addr",8:00 - 20:00,(818) 336 01 80
UNIDAD DE MEDICINA DE ATENCIÓN AMBULATORIA (UMAA) 07,MÓDULOS DE ATENCIÓN,MÓDULOS DE ATENCIÓN,"BLVD. DÍAZ ORDAZ Y MARÍA CANTÚ  S/N S/N SAN PEDRO GARZA GARCIA, COL. LA LEONA, SAN PEDRO GARZA GARCÍA, C.P. 66210, NUEVO LEÓN","https://maps.google.com/maps?q=25.6743,-100.407&z=15&iwloc=near&addr",8:00 - 16:00,(818) 336 14 27
UNIDAD DE MEDICINA FAMILIAR (UMF) 08,MÓDULOS DE ATENCIÓN,MÓDULOS DE ATENCIÓN,"CARRETERA NACIONAL Y DR. E GONZALEZ S/N S/N EL CERCADO, COL. CENTRO, EL CERCADO, C.P. 67320, NUEVO LEÓN","https://maps.google.com/maps?q=25.4072,-100.134&z=15&iwloc=near&addr",8:00 - 16:00,(812) 285 23 13
HOSPITAL GENERAL DE SUBZONA CON MEDICINA FAMILIAR (HGS/MF) 10,MÓDULOS DE ATENCIÓN,MÓDULOS DE ATENCIÓN,"ESCOBEDO Y ALDAMA S/N S/N SABINAS HIDALGO, COL. CENTRO, SABINAS HIDALGO, C.P. 65200, NUEVO LEÓN","https://maps.google.com/maps?q=26.5031,-100.184&z=15&iwloc=near&addr",8:00 - 21:30,(824) 242 12 27
HOSPITAL GENERAL DE SUBZONA CON MEDICINA FAMILIAR (HGS/MF) 11,MÓDULOS DE ATENCIÓN,MÓDULOS DE ATENCIÓN,"JOSÉ MA. PARAS Y BALLESTEROS S/N S/N MONTEMORELOS, COL. CENTRO, MONTEMORELOS, C.P. 67500, NUEVO LEÓN","https://maps.google.com/maps?q=25.1855,-99.84&z=15&iwloc=near&addr",8:00 - 21:30,(826) 263 26 40
HOSPITAL GENERAL DE SUBZONA CON MEDICINA FAMILIAR (HGS/MF) 12,MÓDULOS DE ATENCIÓN,MÓDULOS DE ATENCIÓN,"EMILIO CARRANZA Y NIŅOS HÉROES S/N S/N LINARES, COL. CENTRO, LINARES, C.P. 67700, NUEVO LEÓN","https://maps.google.com/maps?q=24.8642,-99.57&z=15&iwloc=near&addr",8:00 - 21:30,(826) 263 34 60
UNIDAD DE MEDICINA FAMILIAR (UMF) 14,MÓDULOS DE ATENCIÓN,MÓDULOS DE ATENCIÓN,"JUAREZ ENTRE 15 Y 16 S/N S/N CADEREYTA JIMENEZ, COL. CENTRO, CADEREYTA JIMENEZ, C.P. 67450, NUEVO LEÓN","https://maps.google.com/maps?q=25.5926,-100.01&z=15&iwloc=near&addr",8:00 - 16:00,(821) 212 07 40
UNIDAD DE MEDICINA FAMILIAR (UMF) 16,MÓDULOS DE ATENCIÓN,MÓDULOS DE ATENCIÓN,"MORELOS Y ESCOBEDO S/N S/N ALLENDE, COL. CENTRO DE ALLENDE, ALLENDE, C.P. 67350, NUEVO LEÓN","https://maps.google.com/maps?q=25.7989,-100.213&z=15&iwloc=near&addr",8:00 - 16:00,(818) 351 01 24
HOSPITAL GENERAL DE ZONA (HGZ) 17,MÓDULOS DE ATENCIÓN,MÓDULOS DE ATENCIÓN,"F. LOZANO Y ROBLE S/N S/N MONTERREY, COL. BENITO JUÁREZ, MONTERREY, C.P. 64420, NUEVO LEÓN","https://maps.google.com/maps?q=25.7012,-100.337&z=15&iwloc=near&addr",8:00 - 21:30 LUNES A VIERNES 7.30 - 22.00 JORNADA ACUMULADA Y DE 8.00 - 8.00 DOM A LUNES,(818) 347 34 00
UNIDAD DE MEDICINA FAMILIAR (UMF) 19,MÓDULOS DE ATENCIÓN,MÓDULOS DE ATENCIÓN,"ZARAGOZA ESQUINA CON ALLENDE S/N S/N APODACA, COL. CENTRO DE APODACA, APODACA, C.P. 67880, NUEVO LEÓN","https://maps.google.com/maps?q=25.7785,-100.186&z=15&iwloc=near&addr",8:00 - 16:00,(818) 386 02 04
UNIDAD DE MEDICINA FAMILIAR (UMF) 20,MÓDULOS DE ATENCIÓN,MÓDULOS DE ATENCIÓN,"AVE. ARTURO B. DE LA GARZA S/N S/N BENITO JUAREZ, COL. CENTRO, BENITO JUAREZ, C.P. 67250, NUEVO LEÓN","https://maps.google.com/maps?q=25.644,-100.094&z=15&iwloc=near&addr",8:00 - 16:00,(818) 233 04 74
UNIDAD DE MEDICINA FAMILIAR (UMF) 24,MÓDULOS DE ATENCIÓN,MÓDULOS DE ATENCIÓN,"HIDALGO 205 S/N GARCÍA, COL. CENTRO, GARCÍA, C.P. 66000, NUEVO LEÓN","https://maps.google.com/maps?q=25.8072,-100.587&z=15&iwloc=near&addr",8:00 - 16:00,(818) 283 01 51
UNIDAD DE MEDICINA FAMILIAR (UMF) 26,MÓDULOS DE ATENCIÓN,MÓDULOS DE ATENCIÓN,"ENF. MARIA DE JESUS CANDIA Y AV. LINCOLN  S/N S/N MONTERREY, COL. VALLE VERDE, MONTERREY, C.P. 64360, NUEVO LEÓN","https://maps.google.com/maps?q=25.7292,-100.369&z=15&iwloc=near&addr",8:00 - 20:00,(818) 399 43 00
UNIDAD DE MEDICINA FAMILIAR (UMF) 27,MÓDULOS DE ATENCIÓN,MÓDULOS DE ATENCIÓN,"CARDENAL Y GORRION S/N S/N GUADALUPE, COL. FRACC. EXPOSICIÓN, GUADALUPE, C.P. 67100, NUEVO LEÓN","https://maps.google.com/maps?q=25.6779,-100.237&z=15&iwloc=near&addr",8:00 - 16:00,(818) 337 12 30
UNIDAD DE MEDICINA FAMILIAR (UMF) 28,MÓDULOS DE ATENCIÓN,MÓDULOS DE ATENCIÓN,"AV. PENITENCIARIA Y AV. FIDEL VELÁZQUEZ  S/N S/N MONTERREY, COL. FRACC. BERNARDO REYES, MONTERREY, C.P. 64280, NUEVO LEÓN","https://maps.google.com/maps?q=25.7212,-100.332&z=15&iwloc=near&addr",8:00 - 20:00,(818) 371 27 80
UNIDAD DE MEDICINA FAMILIAR (UMF) 31,MÓDULOS DE ATENCIÓN,MÓDULOS DE ATENCIÓN,"AV. JUÁREZ Y CARRETERA A LAREDO S/N S/N SAN NICOLAS DE LOS GARZA, COL. ITURBIDE, SAN NICOLAS DE LOS GARZA, C.P. 66460, NUEVO LEÓN","https://maps.google.com/maps?q=25.7518,-100.299&z=15&iwloc=near&addr",8:00 - 20:00,(818) 360 74 85
HTO 21 MONTERREY,HOSPITAL,UNIDADES MEDICAS,"AVENIDA PINO SUAREZ Y 15 DE MAYO S/N  MONTERREY, COL. MONTERREY CENTRO, MONTERREY, C.P. 64000, NUEVO LEÓN","https://maps.google.com/maps?q=25.6718,-100.32&z=15&iwloc=near&addr",N/D,N/D
UMF 37 MONTERREY,CLÍNICA,UNIDADES MEDICAS,"CALLE REFORMA 2913  MONTERREY, COL. MITRAS CENTRO, MONTERREY, C.P. 64460, NUEVO LEÓN","https://maps.google.com/maps?q=25.6873,-100.342&z=15&iwloc=near&addr",N/D,N/D
UMF 15 MONTERREY,CLÍNICA,UNIDADES MEDICAS,"CALLE ISAAC GARZA 200 S/N MONTERREY, COL. CENTRO, MONTERREY, C.P. 64000, NUEVO LEÓN","https://maps.google.com/maps?q=25.7034,-100.284&z=15&iwloc=near&addr",N/D,N/D
HGZ 17 MONTERREY,HOSPITAL,UNIDADES MEDICAS,"CALLE FORTUNATO LOZANO Y ROBLE 2627  MONTERREY, COL. BENITO JUÁREZ, MONTERREY, C.P. 64420, NUEVO LEÓN","https://maps.google.com/maps?q=25.7012,-100.337&z=15&iwloc=near&addr",N/D,N/D
UMF 3 MONTERREY,CLÍNICA,UNIDADES MEDICAS,"AVENIDA FÉLIX URESTI GÓMEZ Y COLÓN S/N  MONTERREY, COL. MONTERREY CENTRO, MONTERREY, C.P. 64000, NUEVO LEÓN","https://maps.google.com/maps?q=25.6842,-100.297&z=15&iwloc=near&addr",N/D,N/D
HPSIQ 22 MONTERREY,HOSPITAL,UNIDADES MEDICAS,"CALLE RAYONES 965  MONTERREY, COL. NOGALES TOPO CHICO, MONTERREY, C.P. 64260, NUEVO LEÓN","https://maps.google.com/maps?q=25.7324,-100.323&z=15&iwloc=near&addr",N/D,N/D
UMF 39 MONTERREY,CLÍNICA,UNIDADES MEDICAS,"CALLE ESTORNINO Y PROLONG. RUIZ CORTINES 5360  MONTERREY, COL. VALLE VERDE 2O. SECTOR, MONTERREY, C.P. 64117, NUEVO LEÓN","https://maps.google.com/maps?q=25.7396,-100.382&z=15&iwloc=near&addr",N/D,N/D
UMF 36 MONTERREY,CLÍNICA,UNIDADES MEDICAS,"AVENIDA LÁZARO CÁRDENAS 6751  MONTERREY, COL. 15 DE SEPTIEMBRE, MONTERREY, C.P. 64760, NUEVO LEÓN","https://maps.google.com/maps?q=25.6311,-100.3&z=15&iwloc=near&addr",N/D,N/D
UMF 5 MONTERREY,CLÍNICA,UNIDADES MEDICAS,"AVENIDA IGNACIO MORONES PRIETO Y LOMA LARGA 2292  MONTERREY, COL. LOMA LARGA, MONTERREY, C.P. 64710, NUEVO LEÓN","https://maps.google.com/maps?q=25.6663,-100.338&z=15&iwloc=near&addr",N/D,N/D
HGSMF 10 SABINAS HGO.,HOSPITAL,UNIDADES MEDICAS,"CALLE ESCOBEDO Y ALDAMA 415  CIUDAD SABINAS HIDALGO, COL. SABINAS HIDALGO CENTRO, SABINAS HIDALGO, C.P. 65200, NUEVO LEÓN","https://maps.google.com/maps?q=26.5032,-100.1847&z=15&iwloc=near&addr",N/D,N/D
UMFH 13 GRAL. TERAN,CLÍNICA,UNIDADES MEDICAS,"CALLE REFORMA Y GUILLERMO PRIETO S/N  CIUDAD GENERAL TERÁN, COL. GENERAL TERÁN, GRAL. TERÁN, C.P. 67400, NUEVO LEÓN","https://maps.google.com/maps?q=25.2602,-99.6802&z=15&iwloc=near&addr",N/D,N/D
UMFH 14 CADEREYTA,CLÍNICA,UNIDADES MEDICAS,"CALLE JUÁREZ S/N  CADEREYTA JIMÉNEZ, COL. CADEREYTA JIMENEZ CENTRO, CADEREYTA JIMÉNEZ, C.P. 67480, NUEVO LEÓN","https://maps.google.com/maps?q=25.5893,-99.9845&z=15&iwloc=near&addr",N/D,N/D
UMFH 16 ALLENDE,CLÍNICA,UNIDADES MEDICAS,"CALLE MORELOS Y ESCOBEDO S/N  CIUDAD DE ALLENDE, COL. SECCION CENTRO, ALLENDE, C.P. 67350, NUEVO LEÓN","https://maps.google.com/maps?q=25.2777,-100.018&z=15&iwloc=near&addr",N/D,N/D
UMF 19 APODACA,CLÍNICA,UNIDADES MEDICAS,"CALLE MORELOS 420  CIUDAD APODACA, COL. APODACA CENTRO, APODACA, C.P. 66600, NUEVO LEÓN","https://maps.google.com/maps?q=25.7787,-100.1862&z=15&iwloc=near&addr",N/D,N/D
UMF 66 PUEBLO NUEVO,CLÍNICA,UNIDADES MEDICAS,"AVENIDA RIO PILON 1000  CIUDAD APODACA, COL. PUEBLO NUEVO V, APODACA, C.P. 66646, NUEVO LEÓN","https://maps.google.com/maps?q=25.7565,-100.1602&z=15&iwloc=near&addr",N/D,N/D
HGZ 67 APODACA,HOSPITAL,UNIDADES MEDICAS,"CARRETERA MIGUEL ALEMAN S/N  CIUDAD APODACA, COL. APODACA CENTRO, APODACA, C.P. 66600, NUEVO LEÓN","https://maps.google.com/maps?q=25.7817,-100.189&z=15&iwloc=near&addr",N/D,N/D
UMF 58 S. PEDRO GARZA,CLÍNICA,UNIDADES MEDICAS,"BOULEVARD DÍAZ ORDAZ 336  SAN PEDRO GARZA GARCIA, COL. ZONA INDUSTRIAL, SAN PEDRO GARZA GARCÍA, C.P. 66217, NUEVO LEÓN","https://maps.google.com/maps?q=25.6749,-100.4096&z=15&iwloc=near&addr",N/D,N/D
UMF-UMAA 7 SAN PEDRO GARZA,CLÍNICA,UNIDADES MEDICAS,"BOULEVARD DÍAZ ORDAZ Y MARÍA CANTÚ S/N  SAN PEDRO GARZA GARCÍA, COL. ZONA INDUSTRIAL, SAN PEDRO GARZA GARCÍA, C.P. 66217, NUEVO LEÓN","https://maps.google.com/maps?q=25.6743,-100.4067&z=15&iwloc=near&addr",N/D,N/D
UMF 45 HIDALGO,CLÍNICA,UNIDADES MEDICAS,"CALLE MORELOS Y PRIVADA MORELOS S/N  HIDALGO, COL. MORELOS, HIDALGO, C.P. 65600, NUEVO LEÓN","https://maps.google.com/maps?q=25.9729,-100.454&z=15&iwloc=near&addr",N/D,N/D
HGZ 4 VILLA GUADALUPE,HOSPITAL,UNIDADES MEDICAS,"CALLE MATAMOROS Y ZUAZUA S/N  GUADALUPE, COL. CIUDAD GUADALUPE CENTRO, GUADALUPE, C.P. 67100, NUEVO LEÓN","https://maps.google.com/maps?q=25.673,-100.262&z=15&iwloc=near&addr",N/D,N/D
UMF 27 V. GUADALUPE,CLÍNICA,UNIDADES MEDICAS,"CALLE CARDENAL Y GORRION S/N  GUADALUPE, COL. CIUDAD GUADALUPE CENTRO, GUADALUPE, C.P. 67100, NUEVO LEÓN","https://maps.google.com/maps?q=25.662,-100.238&z=15&iwloc=near&addr",N/D,N/D
UMF 32 V. GUADALUPE,CLÍNICA,UNIDADES MEDICAS,"CALLE ARTEAGA Y JIMÉNEZ S/N  GUADALUPE, COL. PARAISO, GUADALUPE, C.P. 67140, NUEVO LEÓN","https://maps.google.com/maps?q=25.6753,-100.267&z=15&iwloc=near&addr",N/D,N/D
UMF 30 PINO,CLÍNICA,UNIDADES MEDICAS,"AVENIDA MARGARITA MAZA DE JUÁREZ Y LOS PINOS S/N  GUADALUPE, COL. CHULAVISTA, GUADALUPE, C.P. 67188, NUEVO LEÓN","https://maps.google.com/maps?q=25.7657,-100.266&z=15&iwloc=near&addr",N/D,N/D
UMF 29 V. GUADALUPE,CLÍNICA,UNIDADES MEDICAS,"AVENIDA PABLO LIVAS 5501  GUADALUPE, COL. RESIDENCIAL GUADALUPE, GUADALUPE, C.P. 67190, NUEVO LEÓN","https://maps.google.com/maps?q=25.6627,-100.2002&z=15&iwloc=near&addr",N/D,N/D
UMF 44 CIÉNEGA FLORES,CLÍNICA,UNIDADES MEDICAS,"CALLE INDEPENDENCIA 680  CIÉNEGA DE FLORES, COL. CIENEGA DE FLORES CENTRO, CIÉNEGA DE FLORES, C.P. 65550, NUEVO LEÓN","https://maps.google.com/maps?q=25.9581,-100.17&z=15&iwloc=near&addr",N/D,N/D
UMF 48 CD. ANÁHUAC,CLÍNICA,UNIDADES MEDICAS,"CARRETERA MONTERREYCOLOMBIA KM 1.5 S/N  ANÁHUAC, COL. ANAHUAC Y RODRIGUEZ CENTRO, ANÁHUAC, C.P. 65030, NUEVO LEÓN","https://maps.google.com/maps?q=27.2377,-100.142&z=15&iwloc=near&addr",N/D,N/D
UMF 20 V. JUÁREZ,CLÍNICA,UNIDADES MEDICAS,"AVENIDA ARTURO BONIFACIO DE LA GARZA S/N  CIUDAD BENITO JUÁREZ, COL. BENITO JUÁREZ CENTRO, JUÁREZ, C.P. 67250, NUEVO LEÓN","https://maps.google.com/maps?q=25.6436,-100.093&z=15&iwloc=near&addr",N/D,N/D
UMF 47 LAMPAZOS,CLÍNICA,UNIDADES MEDICAS,"CALLE ZUAZUA Y NIGROMANTE 904  LAMPAZOS DE NARANJO, COL. LAMPAZOS DE NARANJO, LAMPAZOS DE NARANJO, C.P. 65070, NUEVO LEÓN","https://maps.google.com/maps?q=27.0248,-100.507&z=15&iwloc=near&addr",N/D,N/D
UMF 46 VILLA ALDAMA,CLÍNICA,UNIDADES MEDICAS,"CALLE GUERRERO S/N  CIUDAD DE VILLALDAMA, COL. VILLALDAMA, VILLALDAMA, C.P. 65350, NUEVO LEÓN","https://maps.google.com/maps?q=26.4933,-100.431&z=15&iwloc=near&addr",N/D,N/D
HGZMF 6 S. NICOLAS GARZA,HOSPITAL,UNIDADES MEDICAS,"AVENIDA JUÁREZ Y CARRETERA A LAREDO S/N  SAN NICOLÁS DE LOS GARZA, COL. ITURBIDE, SAN NICOLÁS DE LOS GARZA, C.P. 66420, NUEVO LEÓN","https://maps.google.com/maps?q=25.7525,-100.2982&z=15&iwloc=near&addr",N/D,N/D
UMF 31 S. NICOLAS GARZA,CLÍNICA,UNIDADES MEDICAS,"CALLE BENITO JUÁREZ Y CARRETERA A LAREDO S/N  SAN NICOLÁS DE LOS GARZA, COL. ITURBIDE, SAN NICOLÁS DE LOS GARZA, C.P. 66420, NUEVO LEÓN","https://maps.google.com/maps?q=25.7362,-100.271&z=15&iwloc=near&addr",N/D,N/D
UMAA 65 STO DOMINGO (AUT),HOSPITAL,UNIDADES MEDICAS,"AVENIDA DIEGO DÍAZ DE BERLANGA 194  SAN NICOLÁS DE LOS GARZA, COL. BALCONES DE SANTO DOMINGO, SAN NICOLÁS DE LOS GARZA, C.P. 66446, NUEVO LEÓN","https://maps.google.com/maps?q=25.7405,-100.266&z=15&iwloc=near&addr",N/D,N/D
UMF 8 EL CERCADO,CLÍNICA,UNIDADES MEDICAS,"CARRETERA NACIONAL Y DR. E. GONZÁLEZ S/N  SANTIAGO, COL. EL CERCADO CENTRO, SANTIAGO, C.P. 67320, NUEVO LEÓN","https://maps.google.com/maps?q=25.4269,-100.152&z=15&iwloc=near&addr",N/D,N/D
UMF 53 GALEANA,CLÍNICA,UNIDADES MEDICAS,"CARRETERA GALEANA LINARES KM 1 S/N  GALEANA, COL. GALEANA, GALEANA, C.P. 67850, NUEVO LEÓN","https://maps.google.com/maps?q=24.8194,-100.0725&z=15&iwloc=near&addr",N/D,N/D
UMF 55 DR. ARROYO,CLÍNICA,UNIDADES MEDICAS,"CARRETERA LINARES ENTRE GRAL. MARTÍNEZ Y GRAL PORFIRIO DÍAZ S/N  DOCTOR ARROYO, COL. DOCTOR ARROYO CENTRO, DR. ARROYO, C.P. 67900, NUEVO LEÓN","https://maps.google.com/maps?q=23.6739,-100.1745&z=15&iwloc=near&addr",N/D,N/D
UMF 24 VILLA GARCÍA,CLÍNICA,UNIDADES MEDICAS,"CALLE LERDO DE TEJADA 112  GARCÍA, COL. CENTRO VILLA DE GARCIA (CASCO), GARCÍA, C.P. 66000, NUEVO LEÓN","https://maps.google.com/maps?q=25.811,-100.605&z=15&iwloc=near&addr",N/D,N/D
UMF 50 CERRALVO,CLÍNICA,UNIDADES MEDICAS,"CALLE GENERAL CALLES S/N  CIUDAD CERRALVO, COL. CIUDAD CERRARLVO, CERRALVO, C.P. 65900, NUEVO LEÓN","https://maps.google.com/maps?q=26.0815,-99.6195&z=15&iwloc=near&addr",N/D,N/D
UMF 49 AGUALEGUAS,CLÍNICA,UNIDADES MEDICAS,"CARRETERA NOGALAR KM 1 S/N  AGUALEGUAS, COL. JARDIN AGUALEGUAS, AGUALEGUAS, C.P. 65800, NUEVO LEÓN","https://maps.google.com/maps?q=26.3098,-99.5388&z=15&iwloc=near&addr",N/D,N/D
UMF 54 ARAMBERRI,CLÍNICA,UNIDADES MEDICAS,"CARRETERA A LAMPACITOS KM 1. S/N  ARAMBERRI, COL. ARAMBERI CENTRO, ARAMBERRI, C.P. 67940, NUEVO LEÓN","https://maps.google.com/maps?q=24.1029,-99.8191&z=15&iwloc=near&addr",N/D,N/D
UMF 56 LA ASCENCIÓN,CLÍNICA,UNIDADES MEDICAS,"CALLE BERNARDO REYES ENTRE GRAL LÁZARO CÁRDENAS Y FCO I MADERO S/N  LA ASCENCIÓN, COL. LA ASCENCION, ARAMBERRI, C.P. 67950, NUEVO LEÓN","https://maps.google.com/maps?q=24.3246,-99.9138&z=15&iwloc=near&addr",N/D,N/D
HGSMF 12 LINARES,HOSPITAL,UNIDADES MEDICAS,"CALLE EMILIO CARRANZA Y NIŅOS HÉROES S/N  LINARES, COL. LINARES CENTRO, LINARES, C.P. 67700, NUEVO LEÓN","https://maps.google.com/maps?q=24.8629,-99.571&z=15&iwloc=near&addr",N/D,N/D
UMF 64 STA. CATARINA,CLÍNICA,UNIDADES MEDICAS,"AVENIDA MANUEL ORDOŅEZ Y CALLE PEDRO GARFÍAS S/N  SANTA CATARINA, COL. CUMBRES DE SANTA CATARIINA, SANTA CATARINA, C.P. 66358, NUEVO LEÓN","https://maps.google.com/maps?q=25.683,-100.486&z=15&iwloc=near&addr",N/D,N/D
UMF 52 SAN RAFAEL,CLÍNICA,UNIDADES MEDICAS,"CARRETERA CARRETERA 57 KM 180 S/N  SAN RAFAEL, COL. SAN RAFAEL, GALEANA, C.P. 67865, NUEVO LEÓN","https://maps.google.com/maps?q=25.0304,-100.554&z=15&iwloc=near&addr",N/D,N/D
UMF 43 ESCOBEDO,CLÍNICA,UNIDADES MEDICAS,"CALLE CELESTINO GASCA Y GUANAJUATO S/N  CIUDAD GENERAL ESCOBEDO, COL. CELESTINO GASCA, GENERAL ESCOBEDO, C.P. 66055, NUEVO LEÓN","https://maps.google.com/maps?q=25.7362,-100.271&z=15&iwloc=near&addr",N/D,N/D
UMF 42 EL CARMEN,CLÍNICA,UNIDADES MEDICAS,"CALLE VENUSTIANO CARRANZA 401  CARMEN, COL. EL CARMEN CENTRO, EL CARMEN, C.P. 66550, NUEVO LEÓN","https://maps.google.com/maps?q=25.9349,-100.357&z=15&iwloc=near&addr",N/D,N/D
UMF 70 ZUAZUA,CLÍNICA,UNIDADES MEDICAS,"AVENIDA LA REFORMA S/N  GENERAL ZUAZU, COL. REAL DE PALMAS, GENERAL ZUAZUA, C.P. 65760, NUEVO LEÓN","https://maps.google.com/maps?q=25.8957,-100.1705&z=15&iwloc=near&addr",N/D,N/D
HGO 23 MONTERREY,HOSPITAL,UNIDADES MEDICAS,"AVENIDA CONSTITUCIÓN ESQ FELIX U GÓMEZ S/N  MONTERREY, COL. OBRERA, MONTERREY, C.P. 64010, NUEVO LEÓN","https://maps.google.com/maps?q=25.6694,-100.298&z=15&iwloc=near&addr",N/D,N/D
UMFR 1 MONTERREY,HOSPITAL,UNIDADES MEDICAS,"AVENIDA CONSTITUCIÓN S/N  MONTERREY, COL. OBRERA, MONTERREY, C.P. 64010, NUEVO LEÓN","https://maps.google.com/maps?q=25.6693,-100.298&z=15&iwloc=near&addr",N/D,N/D
HGZMF 2 MONTERREY,HOSPITAL,UNIDADES MEDICAS,"AVENIDA CONSTITUCION Y PROFESOER G. TORRES S/N  MONTERREY, COL. OBRERA, MONTERREY, C.P. 64010, NUEVO LEÓN","https://maps.google.com/maps?q=25.6705,-100.296&z=15&iwloc=near&addr",N/D,N/D
HGZ 33 FÉLIX U. GÓMEZ,HOSPITAL,UNIDADES MEDICAS,"AVENIDA FÉLIX URESTI GÓMEZ Y AV. EZEQUIEL E. CHÁVEZ S/N  MONTERREY, COL. OBRERA, MONTERREY, C.P. 64010, NUEVO LEÓN","https://maps.google.com/maps?q=25.6711,-100.298&z=15&iwloc=near&addr",N/D,N/D
HC 34 MONTERREY,HOSPITAL,UNIDADES MEDICAS,"AVENIDA ABRAHAM LINCOLN Y ENF. MARIA DE JESÚS CANDIA S/N  MONTERREY, COL. VALLE VERDE 2DO SECTOR, MONTERREY, C.P. 64360, NUEVO LEÓN","https://maps.google.com/maps?q=25.7287,-100.3706&z=15&iwloc=near&addr",N/D,N/D
UMF 26 MONTERREY,CLÍNICA,UNIDADES MEDICAS,"AVENIDA ABRAHAM LINCOLN Y ENF. MARÍA DE JESÚS CANDIA S/N  MONTERREY, COL. VALLE VERDE 1ER SECTOR, MONTERREY, C.P. 64360, NUEVO LEÓN","https://maps.google.com/maps?q=25.729,-100.3695&z=15&iwloc=near&addr",N/D,N/D
UMF 69 LINCOLN,CLÍNICA,UNIDADES MEDICAS,"AVENIDA ABRAHAM LINCOLN Y ENF. MARÍA DE JESÚS CANDIA S/N  MONTERREY, COL. VALLE VERDE 1ER SECTOR, MONTERREY, C.P. 64360, NUEVO LEÓN","https://maps.google.com/maps?q=25.729,-100.3694&z=15&iwloc=near&addr",N/D,N/D
UNIDAD DE MEDICINA FAMILIAR (UMF) 32,MÓDULOS DE ATENCIÓN,MÓDULOS DE ATENCIÓN,"ARTEAGA Y JIMENEZ S/N S/N GUADALUPE, COL. PARAISO, GUADALUPE, C.P. 67140, NUEVO LEÓN","https://maps.google.com/maps?q=25.6753,-100.267&z=15&iwloc=near&addr",8:00 - 20:00,(818) 354 80 00
HOSPITAL GENERAL DE ZONA (HGZ) 33,MÓDULOS DE ATENCIÓN,MÓDULOS DE ATENCIÓN,"AV. FÉLIX U. GÓMEZ Y AV. EZEQUIEL E. CHÁVEZ S/N S/N MONTERREY, COL. CENTRO, MONTERREY, C.P. 64010, NUEVO LEÓN","https://maps.google.com/maps?q=25.6711,-100.298&z=15&iwloc=near&addr",8:00 - 21:30 LUNES A VIERNES 7.30 - 22.00 JORNADA ACUMULADA Y DE 8.00 - 8.00 DOM A LUNES,(818) 150 31 32
UNIDAD DE MEDICINA FAMILIAR (UMF) 35,MÓDULOS DE ATENCIÓN,MÓDULOS DE ATENCIÓN,"AVE. SOLIDARIDAD Y MAGNOLIA S/N S/N MONTERREY, COL. FRACC. AZTLAN, MONTERREY, C.P. 64730, NUEVO LEÓN","https://maps.google.com/maps?q=25.7325,-100.347&z=15&iwloc=near&addr",8:00 - 20:00,(818) 311 26 35
UNIDAD DE MEDICINA FAMILIAR (UMF) 39,MÓDULOS DE ATENCIÓN,MÓDULOS DE ATENCIÓN,"ESTORNINO Y PROLONGACION RUIZ CORTINEZ S/N S/N MONTERREY, COL. VALLE VERDE 2DO SECTOR, MONTERREY, C.P. 64117, NUEVO LEÓN","https://maps.google.com/maps?q=25.7406,-100.381&z=15&iwloc=near&addr",8:00 - 16:00,(818) 381 4822
UNIDAD DE MEDICINA FAMILIAR (UMF) 43,MÓDULOS DE ATENCIÓN,MÓDULOS DE ATENCIÓN,"CELESTINO GASCA Y GUANAJUATO S/N S/N ESCOBEDO, COL. CELESTINO GASCA, ESCOBEDO, C.P. 66050, NUEVO LEÓN","https://maps.google.com/maps?q=25.7744,-100.319&z=15&iwloc=near&addr",8:00 - 16:00,(818) 384 55 00
UNIDAD DE MEDICINA FAMILIAR (UMF) 58,MÓDULOS DE ATENCIÓN,MÓDULOS DE ATENCIÓN,"BLVD. DÍAZ ORDAZ Y MARÍA CANTÚ  S/N S/N SAN PEDRO GARZA GARCÍA, COL. LA LEONA, SAN PEDRO GARZA GARCÍA, C.P. 66210, NUEVO LEÓN","https://maps.google.com/maps?q=25.6749,-100.41&z=15&iwloc=near&addr",8:00 - 16:00,(818) 336 00 66
UNIDAD DE MEDICINA FAMILIAR (UMF) 64,MÓDULOS DE ATENCIÓN,MÓDULOS DE ATENCIÓN,"AV. MANUEL ORDOŅEZ Y CALLE PEDRO GARFÍAS S/N S/N SANTA CATARINA, COL. FRACC. CUMBRES DE SANTA CATARINA, SANTA CATARINA, C.P. 66358, NUEVO LEÓN","https://maps.google.com/maps?q=25.683,-100.486&z=15&iwloc=near&addr",8:00 - 16:00,(818) 308 53 44
UNIDAD DE MEDICINA DE ATENCIÓN AMBULATORIA (UMAA) 65,MÓDULOS DE ATENCIÓN,MÓDULOS DE ATENCIÓN,"DIEGO DIAZ DE BERLANGA 194 S/N SAN NICOLAS DE LOS GARZA, COL. BALCONES DE SANTO DOMINGO, SAN NICOLAS DE LOS GARZA, C.P. 66468, NUEVO LEÓN","https://maps.google.com/maps?q=25.7418,-100.264&z=15&iwloc=near&addr",8:00 - 16:00,(818) 042 09 40
UNIDAD DE MEDICINA FAMILIAR (UMF) 66,MÓDULOS DE ATENCIÓN,MÓDULOS DE ATENCIÓN,"RIO PILÓN 1000 S/N APODACA, COL. PUEBLO NUEVO, APODACA, C.P. 66646, NUEVO LEÓN","https://maps.google.com/maps?q=25.7565,-100.16&z=15&iwloc=near&addr",8:00 - 20:00,(818) 156 03 51
HOSPITAL GENERAL DE ZONA (HGZ) 67,MÓDULOS DE ATENCIÓN,MÓDULOS DE ATENCIÓN,"CARRETERA AL AEROPUERTO KM 2.5 S/N APODACA, COL. MODERNO APODACA, APODACA, C.P. , NUEVO LEÓN","https://maps.google.com/maps?q=25.792,-100.139&z=15&iwloc=near&addr",8:00 - 21:30,(811) 156 09 17
UNIDAD DE MEDICINA FAMILIAR (UMF) 68,MÓDULOS DE ATENCIÓN,MÓDULOS DE ATENCIÓN,"AV. ISRAEL CAVAZOS Y ESTADOS UNIDOS S/N S/N GUADALUPE, COL. RINCON DE LA SIERRA, GUADALUPE, C.P. 67192, NUEVO LEÓN","https://maps.google.com/maps?q=25.6404,-100.196&z=15&iwloc=near&addr",8:00 - 20:00,(818) 127 0150
UNIDAD DE MEDICINA FAMILIAR (UMF) 70,MÓDULOS DE ATENCIÓN,MÓDULOS DE ATENCIÓN,"AVE. REFORMA 180 S/N ZUAZUA, COL. REAL DE PALMAS, ZUAZUA, C.P. 65760, NUEVO LEÓN","https://maps.google.com/maps?q=25.8957,-100.167&z=15&iwloc=near&addr",8:00 - 16:00,(818) 880 82 60
SUBDELEGACIÓN 01,MÓDULOS DE ATENCIÓN,MÓDULOS DE ATENCIÓN,"ENF. MARIA DE JESUS CANDIA Y AV. LINCOLN  S/N S/N MONTERREY, COL. VALLE VERDE 2DO SECTOR, MONTERREY, C.P. 64360, NUEVO LEÓN","https://maps.google.com/maps?q=25.7288,-100.369&z=15&iwloc=near&addr",8:00 - 16:00,(818) 399 43 00
SUBDELEGACIÓN 02,MÓDULOS DE ATENCIÓN,MÓDULOS DE ATENCIÓN,"MANUEL BARRAGAN Y REGINO VILLARREAL S/N S/N MONTERREY, COL. FERROCARRILERA, MONTERREY, C.P. 64250, NUEVO LEÓN","https://maps.google.com/maps?q=25.7228,-100.317&z=15&iwloc=near&addr",8:00 - 16:00,(818) 150 49 30/ (818) 351 02 30
SUBDELEGACIÓN 03,MÓDULOS DE ATENCIÓN,MÓDULOS DE ATENCIÓN,"AV. FÉLIX U. GÓMEZ Y AV. EZEQUIEL E. CHÁVEZ S/N S/N MONTERREY, COL. CENTRO, MONTERREY, C.P. 64010, NUEVO LEÓN","https://maps.google.com/maps?q=25.6714,-100.298&z=15&iwloc=near&addr",8:00 - 16:00,(818) 047 61 30
SUBDELEGACIÓN 04,MÓDULOS DE ATENCIÓN,MÓDULOS DE ATENCIÓN,"AV. MORONES PRIETO Y BAJA CALIFORNIA S/N S/N MONTERREY, COL. NUEVO REPUEBLO, MONTERREY, C.P. 64700, NUEVO LEÓN","https://maps.google.com/maps?q=25.6614,-100.307&z=15&iwloc=near&addr",8:00 - 16:00,(818) 190 69 20
MÓDULO DELEGACIONAL,MÓDULOS DE ATENCIÓN,MÓDULOS DE ATENCIÓN,"PROF. GREGORIO TORRES QUEVEDO 1950 OTE S/N MONTERREY, COL. CENTRO, MONTERREY, C.P. 64000, NUEVO LEÓN","https://maps.google.com/maps?q=25.6714,-100.297&z=15&iwloc=near&addr",8:00 - 16:00,(818) 150 31 32
UNIDAD DE MEDICINA FAMILIAR (UMF) 29,MÓDULOS DE ATENCIÓN,MÓDULOS DE ATENCIÓN,"AV. PABLO LIVAS 5501 S/N GUADALUPE, COL. ZERTUCHE, GUADALUPE, C.P. 67190, NUEVO LEÓN","https://maps.google.com/maps?q=25.6627,-100.2&z=15&iwloc=near&addr",8:00 - 16:00,(818) 330 7022
UNIDAD DE MEDICINA FAMILIAR (UMF) 30,MÓDULOS DE ATENCIÓN,MÓDULOS DE ATENCIÓN,"AV. MARGARITA MAZA DE JUÁREZ Y LOS PINOS S/N S/N GUADALUPE, COL. CHULAVISTA, GUADALUPE, C.P. 67190, NUEVO LEÓN","https://maps.google.com/maps?q=25.6754,-100.211&z=15&iwloc=near&addr",8:00 - 20:00,(818) 360 60 77
UMAE HOSPITAL DE TRAUMATOLOGÍA Y ORTOPEDÍA N° 21 NUEVO LEÓN,MÓDULOS DE ATENCIÓN,MÓDULOS DE ATENCIÓN,"AVENIDA PINO SUAREZ S/N ENTRE 15 DE MAYO Y JUAN IGNACIO RAMÓN S/N  MONTERREY, COL. CENTRO, MONTERREY, C.P. 64000, NUEVO LEÓN","https://maps.google.com/maps?q=25.671907,-100.3196&z=15&iwloc=near&addr",8:00 -21:30 MÓDULO ORDINARIO,(818) 150 31 90 EXT 41656
UNIDAD DE MEDICINA FISICA Y REHABILITACION NO.1 NUEVO LEÓN,MÓDULOS DE ATENCIÓN,MÓDULOS DE ATENCIÓN,"AVENIDA CONSTITUCIÓN Y FELIX U. GÓMEZ S/N  MONTERREY, COL. CENTRO, MONTERREY, C.P. 64010, NUEVO LEÓN","https://maps.google.com/maps?q=25.669893,-100.2967&z=15&iwloc=near&addr",8:00 -16:00 MÓDULO DE URGENCIAS,(818) 150 31 32 EXT 41591
UMAE HOSPITAL DE GINECO OBSTETRICÍA N° 23 NUEVO LEÓN,MÓDULOS DE ATENCIÓN,MÓDULOS DE ATENCIÓN,"AVENIDA CONSTITUCIÓN ESQUINA CON AV. FELIX U. GOMEZ S/N  MONTERREY, COL. CENTRO, MONTERREY, C.P. 64000, NUEVO LEÓN","https://maps.google.com/maps?q=25.669729,-100.2977&z=15&iwloc=near&addr",7:00 - 21:00 LUNES A DOMINGO,(818) 150 31 32 EXT. 41323
UMAE HOSPITAL DE CARDIOLOGÍA N° 34 NUEVO LEÓN,MÓDULOS DE ATENCIÓN,MÓDULOS DE ATENCIÓN,"AV ABRAHAM LINCON CRUZ ENF. MARIA DE JESUS CANDIA S/N  MONTERREY, COL. VALLE VERDE SEGUNDO SECTOR, MONTERREY, C.P. 64360, NUEVO LEÓN","https://maps.google.com/maps?q=25.7287,-100.3706&z=15&iwloc=near&addr",8:00 - 21:30 MÓDULO ORDINARIO,(818) 399 43 00 EXT. 40619
UMAE HOSPITAL DE CARDIOLOGÍA N° 34 NUEVO LEÓN,MÓDULOS DE ATENCIÓN,MÓDULOS DE ATENCIÓN,"AV ABRAHAM LINCON CRUZ ENF. MARIA DE JESUS CANDIA S/N  MONTERREY, COL. VALLE VERDE SEGUNDO SECTOR, MONTERREY, C.P. 64360, NUEVO LEÓN","https://maps.google.com/maps?q=25.7287,-100.3706&z=15&iwloc=near&addr",8:00 - 20:00 MÓDULO URGENCIAS,(818) 399 43 00 EXT. 40620
UMAE HOSPITAL DE ESPECIALIDADES N° 25 CMN NOROESTE NUEVO LEÓN,MÓDULOS DE ATENCIÓN,MÓDULOS DE ATENCIÓN,"AVE. FIDEL VELAZQUEZ CRUZ CON AVE. LINCOLN S/N  MONTERREY, COL. NUEVA MORELOS, MONTERREY, C.P. 64180, NUEVO LEÓN","https://maps.google.com/maps?q=25.716385,-100.3504&z=15&iwloc=near&addr",7:00 - 21:00,(818) 371 41 00
CSS MONTERREY 1,CENTRO DE SEGURIDAD SOCIAL,OTROS SERVICIOS,"AV. CONSTITUCIÓN ESQ. PORFIRIO DÍAZ S/N S/N MONTERREY, COL. CENTRO, MONTERREY, C.P. 64000, NUEVO LEÓN","https://maps.google.com/maps?q=25.667507,-100.328026&z=15&iwloc=near&addr",LUNES A VIERNES 8:00 A 19:00,81 83-40-46-54
CSS MONTERREY 2 (SN. NICOLAS DE LOS GARZA),CENTRO DE SEGURIDAD SOCIAL,OTROS SERVICIOS,"UNIVERSIDAD ENTRE REFORMA Y GONZALITOS 712 S/N SAN NICOLAS DE LOS GARZA, COL. CHAPULTEPEC, SAN NICOLAS DE LOS GARZA, C.P. 64450, NUEVO LEÓN","https://maps.google.com/maps?q=25.745907,-100.300194&z=15&iwloc=near&addr",LUNES A VIERNES 8:00 A 19:00,81 83-76-26-13
CSS GUADALUPE CERCADO (NO.3),CENTRO DE SEGURIDAD SOCIAL,OTROS SERVICIOS,"AV. PRESIDENTE BENITO JUÁREZ ORIENTE ESQ. AV. LA HACIENDA 2000 S/N GUADALUPE, COL. HACIENDA, GUDALUPE, C.P. 67150, NUEVO LEÓN","https://maps.google.com/maps?q=25.593067,-100.011734&z=15&iwloc=near&addr",LUNES A VIERNES 8:00 A 19:00,81 83-37-85-77
CSS CADEREYTA JIMENEZ (NO.5),CENTRO DE SEGURIDAD SOCIAL,OTROS SERVICIOS,"BENITO JUÁREZ ENTRE ADOLFO LÓPEZ MATEOS Y MANUEL ÁVILA CAMACHO 801 S/N CADEREYTA DE JIMÉNEZ, COL. CENTRO, CADEREYTA DE JIMÉNEZ, C.P. 67480, NUEVO LEÓN","https://maps.google.com/maps?q=25.593067,-100.011734&z=15&iwloc=near&addr",LUNES A VIERNES 8:00 A 19:00,82 82-84-23-04
CSS LINARES (NO.7),CENTRO DE SEGURIDAD SOCIAL,OTROS SERVICIOS,"EMILIO CARRANZA ENTRE INDEPENDENCIA Y NIŅOS HÉROES S/N S/N LINARES, COL. CENTRO, LINARES, C.P. 67700, NUEVO LEÓN","https://maps.google.com/maps?q=24.863344,-99.571243&z=15&iwloc=near&addr",LUNES A VIERNES 8:00 A 19:00,82 12-12-07-30
CSS MONTEMORELOS (NO.6),CENTRO DE SEGURIDAD SOCIAL,OTROS SERVICIOS,"JOSÉ MARÍA PARÁS Y BALLESTEROS ENTRE VERACRUZ Y PUEBLA   MONTEMORELOS, COL. ZARAGOZA, MONTEMORELOS, C.P. 67350, NUEVO LEÓN","https://maps.google.com/maps?q=25.185181,-99.841896&z=15&iwloc=near&addr",LUNES A VIERNES 8:00 A 19:00,82 62-63-24-88
CSS SABINAS HIDALGO (NO.4),CENTRO DE SEGURIDAD SOCIAL,OTROS SERVICIOS,"ALDAMA ENTRE ESCOBEDO Y F. ITURBIDE 100 S/N CIUDAD SABINAS HIDALGO, COL. CENTRO, SABINAS HIDALGO, C.P. 65200, NUEVO LEÓN","https://maps.google.com/maps?q=26.503519,-100.1847&z=15&iwloc=near&addr",LUNES A VIERNES 8:00 A 19:00,82 42-42-29-26
CSS INDEPENDENCIA (NO.8),CENTRO DE SEGURIDAD SOCIAL,OTROS SERVICIOS,"IGNACIO MORONES PRIETO ESQ. BAJA CALIFORNIA Y AYUTLA S/N S/N MONTERREY, COL. INDEPENDENCIA, MONTERREY, C.P. 64720, NUEVO LEÓN","https://maps.google.com/maps?q=25.660686,-100.30793&z=15&iwloc=near&addr",LUNES A VIERNES 8:00 A 19:00,81 81-90-69-33
UMF 71 METROPLEX,CLÍNICA,UNIDADES MEDICAS,"CALLE N-31 ESQUINA AVENIDA METROPLEX Y CALLE N-27 201   CIUDAD APODACA, COL. METROPLEX II, APODACA, C.P. 66612, NUEVO LEÓN","https://maps.google.com/maps?q=25.795,-100.2531&z=15&iwloc=near&addr",N/D,N/D
MONTERREY INDEPENDENCIA 32,TIENDA,OTROS SERVICIOS,"AV. 16 DE SEPTIEMBRE 200 S/N MONTERREY, COL. INDEPENDENCIA, MONTERREY, C.P. 64720, NUEVO LEÓN","https://maps.google.com/maps?q=25.66158,-100.31747&z=15&iwloc=near&addr",LUNES A SÁBADO DE 9:00 A 19:00 HORAS. DOMINGO DE 9:00 A 17:00 HORAS,818 190 6665
U-0436 GUARDERÍA MIS ANGELITOS A.C.,GUARDERÍA,OTROS SERVICIOS,"LERDO DE TEJADA 355  ALLENDE, COL. CENTRO, ALLENDE, C.P. 67350, NUEVO LEÓN","https://maps.google.com/maps?q=25.2832,-100.01869&z=15&iwloc=near&addr",07:00-16:00,6889865
U-0713 CENTRO INFANTIL DE DESARROLLO APODACA S.C.,GUARDERÍA,OTROS SERVICIOS,"ALDAMA 104  APODACA, COL. CENTRO, APODACA, C.P. 66600, NUEVO LEÓN","https://maps.google.com/maps?q=25.77691,-100.18705&z=15&iwloc=near&addr",07:00-16:00,6889865
U-1494 CENTRO INFANTIL DE DESARROLLO APODACA S.C.,GUARDERÍA,OTROS SERVICIOS,"GENERAL FRANCISCO NARANJO M-016 L-001 424  APODACA, COL. CENTRO, APODACA, C.P. 66600, NUEVO LEÓN","https://maps.google.com/maps?q=25.78282,-100.19337&z=15&iwloc=near&addr",07:00-16:00,6889865
U-1547 GUARDERÍA INFANTIL PUEBLO NUEVO,GUARDERÍA,OTROS SERVICIOS,"RHODESIA DEL NORTE LOTE 3 DE LA MANZANA NÚMERO 369 205  APODACA, COL. FRACCIONAMIENTO JOYAS DEL PEDREGAL 2° SECTOR, APODACA, C.P. 66648, NUEVO LEÓN","https://maps.google.com/maps?q=25.73084,-100.17028&z=15&iwloc=near&addr",07:00-16:00,6889865
U-0334 ESTANCIA DE DESARROLLO INFANTIL APODACA A.C.,GUARDERÍA,OTROS SERVICIOS,"CALLE N-25 202  APODACA, COL. METROPLEX, APODACA, C.P. 66612, NUEVO LEÓN","https://maps.google.com/maps?q=25.7936,-100.25314&z=15&iwloc=near&addr",07:00-16:00,6889865
U-0439 DESARROLLO PSICOEDUCATIVO,GUARDERÍA,OTROS SERVICIOS,"DR. COSS 307  APODACA, COL. HUINALÁ, APODACA, C.P. 66640, NUEVO LEÓN","https://maps.google.com/maps?q=25.73984,-100.1617&z=15&iwloc=near&addr",07:00-16:30,6889865
U-1220 INSTITUTO BENEDIC,GUARDERÍA,OTROS SERVICIOS,"ARTEAGA 205  APODACA, COL. HUINALÁ, APODACA, C.P. 66640, NUEVO LEÓN","https://maps.google.com/maps?q=25.74194,-100.16318&z=15&iwloc=near&addr",07:00-16:30,6889865
Y-0034 CENTRO INFANTIL DE DESARROLLO APODACA S.C.,GUARDERÍA,OTROS SERVICIOS,"FRANCISCO I. MADERO SUR 322  APODACA, COL. CENTRO, APODACA, C.P. 66600, NUEVO LEÓN","https://maps.google.com/maps?q=25.77603,-100.19279&z=15&iwloc=near&addr",07:00-17:00,6889865
U-1652 UNIDAD DE EDUCACIÓN INFANTIL A.C.,GUARDERÍA,OTROS SERVICIOS,"AV. PARQUE INDUSTRIAL 502  APODACA, COL. PARQUE INDUSTRIAL, APODACA, C.P. 66000, NUEVO LEÓN","https://maps.google.com/maps?q=25.768599,-100.166801&z=15&iwloc=near&addr",14:00-22:00,6889865
U-0767 INSTITUTO JIMENENSE PARA EL DESARROLLO INFANTIL S.C.,GUARDERÍA,OTROS SERVICIOS,"PROGRESO 109 SUR  CADEREYTA JIMENEZ, COL. CENTRO, CADEREYTA JIMÉNEZ, C.P. 67480, NUEVO LEÓN","https://maps.google.com/maps?q=25.59121,-100.00274&z=15&iwloc=near&addr",07:00-16:00,6889865
U-1219 MI PEQUEŅO BEBÉ,GUARDERÍA,OTROS SERVICIOS,"CUAUHTÉMOC 102  CADEREYTA JIMENEZ, COL. CENTRO, CADEREYTA JIMÉNEZ, C.P. 67451, NUEVO LEÓN","https://maps.google.com/maps?q=25.59078,-99.99331&z=15&iwloc=near&addr",07:00-19:00,6889865
U-0335 GUARDERÍA LA FORTALEZA,GUARDERÍA,OTROS SERVICIOS,"FRANCISCO J. GUTIERREZ 935  CIENEGA DE FLORES, COL. CONCHITA VELAZCO 2A. SECCIÓN, CIÉNEGA DE FLORES, C.P. 65550, NUEVO LEÓN","https://maps.google.com/maps?q=25.96304,-100.17274&z=15&iwloc=near&addr",07:00-16:00,6889865
U-1699 LA ALDEA DE LOS NIŅOS S.C.,GUARDERÍA,OTROS SERVICIOS,"ARCO DEL TRIUNFO 225  EL CARMEN, COL. VILLAS DEL ARCO, CARMEN, C.P. 66550, NUEVO LEÓN","https://maps.google.com/maps?q=25.863071,-100.308058&z=15&iwloc=near&addr",06:30-18:30,6889865
U-1607 MI PEQUE MUNDO,GUARDERÍA,OTROS SERVICIOS,"CALLE HIDALGO 207 Y 209  ESCOBEDO, COL. CENTRO, GENERAL ESCOBEDO, C.P. 66050, NUEVO LEÓN","https://maps.google.com/maps?q=25.8089,-100.32147&z=15&iwloc=near&addr",07:00-16:00,6889865
U-0442 CENTRO INFANTIL PROFESOR JOSÉ MARROQUÍN S.C.,GUARDERÍA,OTROS SERVICIOS,"DONATO ELIZONDO 212  ESCOBEDO, COL. LAS ENCINAS, GENERAL ESCOBEDO, C.P. 66050, NUEVO LEÓN","https://maps.google.com/maps?q=25.8009,-100.31095&z=15&iwloc=near&addr",07:00-16:00,6889865
U-0773 GUARDERÍA Y JARDÍN DE NIŅOS DANY S.C.,GUARDERÍA,OTROS SERVICIOS,"BLV. BENITO JUÁREZ 130  ESCOBEDO, COL. 16 DE SEPTIEMBRE, GENERAL ESCOBEDO, C.P. 66058, NUEVO LEÓN","https://maps.google.com/maps?q=25.78191,-100.29466&z=15&iwloc=near&addr",07:00-16:00,6889865
U-0766 UNIDAD DE EDUCACIÓN INFANTIL A.C.,GUARDERÍA,OTROS SERVICIOS,"AV. PARQUE INDUSTRIAL MONTERREY 502  APODACA, COL. PARQUE INDUSTRIAL MONTERREY, APODACA, C.P. 66603, NUEVO LEÓN","https://maps.google.com/maps?q=25.76947,-100.16601&z=15&iwloc=near&addr",05:45-14:45,6889865
U-0758 ASOCIACIÓN PRO-GUARDERÍA PARTICIPATIVA DE APODACA NUEVO LEÓN A.C.,GUARDERÍA,OTROS SERVICIOS,"AV. SANTO DOMINGO 2380  APODACA, COL. ARBOLEDAS DEL MEZQUITAL 2DO SECTOR, APODACA, C.P. 66600, NUEVO LEÓN","https://maps.google.com/maps?q=25.78269,-100.18315&z=15&iwloc=near&addr",07:00-16:00,6889865
U-1419 INSTITUTO BILINGÜE EDUCATIVO SANTA FE S.C.,GUARDERÍA,OTROS SERVICIOS,"LOS PINOS 206  GUADALUPE, COL. CHULA VISTA, GUADALUPE, C.P. 67180, NUEVO LEÓN","https://maps.google.com/maps?q=25.67644,-100.21245&z=15&iwloc=near&addr",07:00-16:00,6889865
U-1495 GUÍA INFANTIL,GUARDERÍA,OTROS SERVICIOS,"CAMINO A VAQUERÍAS 230  GUADALUPE, COL. VAQUERÍAS, GUADALUPE, C.P. 67195, NUEVO LEÓN","https://maps.google.com/maps?q=25.6612,-100.1688&z=15&iwloc=near&addr",07:00-16:00,6889865
U-0450 MI MUNDO MÁGICO INFANTIL S.C.,GUARDERÍA,OTROS SERVICIOS,"LOS PINOS 510 Y 514  GUADALUPE, COL. LA LUZ, GUADALUPE, C.P. 67120, NUEVO LEÓN","https://maps.google.com/maps?q=25.70795,-100.24024&z=15&iwloc=near&addr",07:00-16:00,6889865
U-1168 CRECER Y APRENDER S.C.,GUARDERÍA,OTROS SERVICIOS,"JARDINES DE LA SILLA 313  GUADALUPE, COL. VALLE DE SAN ROQUE, GUADALUPE, C.P. 67192, NUEVO LEÓN","https://maps.google.com/maps?q=25.64648,-100.18751&z=15&iwloc=near&addr",07:00-16:30,6889865
Y-0039 GUÍA INFANTIL S.C.,GUARDERÍA,OTROS SERVICIOS,"CIPRÉS 4640  GUADALUPE, COL. VALLES DE LAS SILLA, GUADALUPE, C.P. 67180, NUEVO LEÓN","https://maps.google.com/maps?q=25.6618,-100.2107&z=15&iwloc=near&addr",07:00-17:00,6889865
U-1170 GUARDERÍA ILUMINANDO MI MUNDO MÁGICO S.C.,GUARDERÍA,OTROS SERVICIOS,"LOS SAUCES 631  GUADALUPE, COL. HACIENDA SAN MIGUEL, GUADALUPE, C.P. 67113, NUEVO LEÓN","https://maps.google.com/maps?q=25.71929,-100.19288&z=15&iwloc=near&addr",07:30-16:30,6889865
U-1656 INSTITUTO KANT S.C.,GUARDERÍA,OTROS SERVICIOS,"AV. AZTECA 308  GUADALUPE, COL. FRACCIONAMIENTO AZTECA, GUADALUPE, C.P. 67150, NUEVO LEÓN","https://maps.google.com/maps?q=25.68218,-100.243768&z=15&iwloc=near&addr",07:30-16:30,6889865
U-1657 INSTITUTO KANT S.C.,GUARDERÍA,OTROS SERVICIOS,"AGUA ROJA 1497  GUADALUPE, COL. FRACC. LA FUENTE, GUADALUPE, C.P. 67150, NUEVO LEÓN","https://maps.google.com/maps?q=25.68126,-100.23779&z=15&iwloc=near&addr",07:30-16:30,6889865
U-1305 CREA Y APRENDE S.C.,GUARDERÍA,OTROS SERVICIOS,"RUPERTO GARZA 600  JUAREZ, COL. GARZA Y GARZA, JUÁREZ, C.P. 67267, NUEVO LEÓN","https://maps.google.com/maps?q=25.64532,-100.10023&z=15&iwloc=near&addr",07:00-16:00,6889865
U-1304 GUARDERÍA PARTICIPATIVA EMMANUEL A.C.,GUARDERÍA,OTROS SERVICIOS,"HIDALGO ÁREA SURORIENTE SECTOR CN3 S/N  LINARES, COL. FRACC. IGNACIO ZARAGOZA, LINARES, C.P. 67730, NUEVO LEÓN","https://maps.google.com/maps?q=24.89071,-99.56826&z=15&iwloc=near&addr",07:00-16:00,6889865
U-0447 GUARDERÍA PARTICIPATIVA EMMANUEL A.C.,GUARDERÍA,OTROS SERVICIOS,"2DA. CALLE 211  LINARES, COL. MODESTO GALVAN CANTÚ ZONA CENTRO, LINARES, C.P. 67700, NUEVO LEÓN","https://maps.google.com/maps?q=24.86542,-99.55897&z=15&iwloc=near&addr",07:00-16:00,6889865
U-1469 CENTRO DE DESARROLLO INFANTIL VILLALEGRE S.C.,GUARDERÍA,OTROS SERVICIOS,"CUAUHTÉMOC 908 Y 910  MONTEMORELOS, COL. CENTRO, MONTEMORELOS, C.P. 67500, NUEVO LEÓN","https://maps.google.com/maps?q=25.18966,-99.8229&z=15&iwloc=near&addr",07:00-16:00,6889865
U-0764 SERVICIOS EDUCATIVOS REGIOMANTANOS S.E.R. S.C.,GUARDERÍA,OTROS SERVICIOS,"JOSÉ BELISARIO DOMÍNGUEZ 2714  MONTERREY, COL. JARDÍN DEL OBISPADO, MONTERREY, C.P. 64060, NUEVO LEÓN","https://maps.google.com/maps?q=25.67437,-100.35002&z=15&iwloc=near&addr",06:30-16:00,6889865
U-1633 GUARDERÍAS LA ALDEA,GUARDERÍA,OTROS SERVICIOS,"NONOALCO LOTE 22 23 Y 24 S/N  MONTERREY, COL. FRACCIONAMIENTO UNIDAD MODELO, MONTERREY, C.P. 64140, NUEVO LEÓN","https://maps.google.com/maps?q=25.74235,-100.35837&z=15&iwloc=near&addr",06:30-18:30,6889865
G-0001 GUARDERÍA ORDINARIA G - 0001 MONTERREY,GUARDERÍA,OTROS SERVICIOS,"AV. ALFONSO REYES S/N  MONTERREY, COL. BELLA VISTA, MONTERREY, C.P. 64410, NUEVO LEÓN","https://maps.google.com/maps?q=25.6998,-100.31697&z=15&iwloc=near&addr",06:30-21:00,6889865
G-0002 GUARDERÍA ORDINARIA G - 0002 MONTERREY,GUARDERÍA,OTROS SERVICIOS,"RUÍZ CORTINES S/N  MONTERREY, COL. MODERNA, MONTERREY, C.P. 64530, NUEVO LEÓN","https://maps.google.com/maps?q=25.7035,-100.28329&z=15&iwloc=near&addr",06:30-21:00,6889865
U-1609 GUARDERÍAS LA ALDEA S.C.,GUARDERÍA,OTROS SERVICIOS,"AV. HACIENDA DEL SOL MANZANA 237 LOTES 9 Y 10 212  GARCIA, COL. FRACC. VILLAS DE ALCALÍ, GARCÍA, C.P. 66003, NUEVO LEÓN","https://maps.google.com/maps?q=25.78212,-100.57684&z=15&iwloc=near&addr",06:30-18:30,6889865
U-0769 TARIKE S.C.,GUARDERÍA,OTROS SERVICIOS,"AV. PABLO LIVAS 2310  GUADALUPE, COL. TOLTECA, GUADALUPE, C.P. 67170, NUEVO LEÓN","https://maps.google.com/maps?q=25.66949,-100.23772&z=15&iwloc=near&addr",07:00-16:00,6889865
U-1167 CENTRO DE DESARROLLO INFANTIL VILLALEGRE S.C.,GUARDERÍA,OTROS SERVICIOS,"PRIVADA ALMAGUER 111  GUADALUPE, COL. CERRO AZUL, GUADALUPE, C.P. 67199, NUEVO LEÓN","https://maps.google.com/maps?q=25.66421,-100.17436&z=15&iwloc=near&addr",07:00-16:00,6889865
U-1510 PROMOTORA DE DESARROLLO Y BIENESTAR FAMILIAR A.C.,GUARDERÍA,OTROS SERVICIOS,"AV. FINSA 1311  GUADALUPE, COL. PARQUE INDUSTRIAL FINSA, GUADALUPE, C.P. 67114, NUEVO LEÓN","https://maps.google.com/maps?q=25.6953,-100.1367&z=15&iwloc=near&addr",07:00-17:30,6889865
G-0003 GUARDERÍA ORDINARIA G - 0003 MONTERREY,GUARDERÍA,OTROS SERVICIOS,"PEDRO MARTÍNEZ S/N  MONTERREY, COL. NUEVO REPUEBLO, MONTERREY, C.P. 72160, NUEVO LEÓN","https://maps.google.com/maps?q=25.66308,-100.29955&z=15&iwloc=near&addr",06:30-21:00,6889865
U-0133 GUARDERÍA EL SUEŅO DEL ÁNGEL S.C.,GUARDERÍA,OTROS SERVICIOS,"GOBERNADORES 100  MONTERREY, COL. BURÓCRATAS DEL ESTADO, MONTERREY, C.P. 64380, NUEVO LEÓN","https://maps.google.com/maps?q=25.70888,-100.36764&z=15&iwloc=near&addr",07:00-16:00,6889865
U-0446 CENTRO DE DESARROLLO MI MUNDO FELIZ S.C.,GUARDERÍA,OTROS SERVICIOS,"ALFONSO REYES 2201-A  MONTERREY, COL. FRACC. BERNARDO REYES, MONTERREY, C.P. 64280, NUEVO LEÓN","https://maps.google.com/maps?q=25.71691,-100.33812&z=15&iwloc=near&addr",07:00-16:00,6889865
U-0337 GUARDERÍA CALMÉCAC S.C.,GUARDERÍA,OTROS SERVICIOS,"5 DE MAYO 2321 PTE  MONTERREY, COL. OBISPADO, MONTERREY, C.P. 64060, NUEVO LEÓN","https://maps.google.com/maps?q=25.67641,-100.34217&z=15&iwloc=near&addr",07:00-16:00,6889865
U-0763 CENTRO DE DESARROLLO INFANTIL ALFA GADI S.C.,GUARDERÍA,OTROS SERVICIOS,"REFORMA 2920  MONTERREY, COL. MITRAS CENTRO, MONTERREY, C.P. 64460, NUEVO LEÓN","https://maps.google.com/maps?q=25.68812,-100.34364&z=15&iwloc=near&addr",07:00-16:00,6889865
Y-0044 PEKES CLUB,GUARDERÍA,OTROS SERVICIOS,"TEPIC 509  MONTERREY, COL. NUEVO REPUEBLO, MONTERREY, C.P. 64700, NUEVO LEÓN","https://maps.google.com/maps?q=25.66184,-100.29998&z=15&iwloc=near&addr",07:00-16:00,6889865
U-1513 CENTRO DE EDUCACIÓN INFANTIL M.A. GUTIÉRREZ ZAMBRANO,GUARDERÍA,OTROS SERVICIOS,"AV. ALFONSO REYES NTE. 1759  MONTERREY, COL. FRACC. BERNARDO REYES, MONTERREY, C.P. 64280, NUEVO LEÓN","https://maps.google.com/maps?q=25.71948,-100.3332&z=15&iwloc=near&addr",07:00-16:00,6889865
U-1580 EDUCANDO APRENDE A.C.,GUARDERÍA,OTROS SERVICIOS,"MODESTO ARREOLA 1328  MONTERREY, COL. CENTRO, MONTERREY, C.P. 64000, NUEVO LEÓN","https://maps.google.com/maps?q=25.67433,-100.30164&z=15&iwloc=near&addr",07:00-16:00,6889865
U-1579 CENDI EL ROBLE S.C.,GUARDERÍA,OTROS SERVICIOS,"AV. CENTRO NORTE 1005  MONTERREY, COL. BARRIO SANTA ISABEL, MONTERREY, C.P. 64102, NUEVO LEÓN","https://maps.google.com/maps?q=25.77553,-100.39922&z=15&iwloc=near&addr",07:00-16:00,6889865
U-1421 KOALA,GUARDERÍA,OTROS SERVICIOS,"18 DE MARZO 1307  MONTERREY, COL. TALLERES, MONTERREY, C.P. 64480, NUEVO LEÓN","https://maps.google.com/maps?q=25.68966,-100.33868&z=15&iwloc=near&addr",07:00-16:00,6889865
U-1393 GUARDERÍA SONRISA MÁGICA S.C.,GUARDERÍA,OTROS SERVICIOS,"CIPRÉS 2710  MONTERREY, COL. MODERNA, MONTERREY, C.P. 64530, NUEVO LEÓN","https://maps.google.com/maps?q=25.69935,-100.29217&z=15&iwloc=near&addr",07:00-16:00,6889865
U-1277 NUESTRA SEŅORA DEL PERPETUO SOCORRO,GUARDERÍA,OTROS SERVICIOS,"CAMINO A LA PRADERA 441  MONTERREY, COL. BARRIO SAN PEDRO, MONTERREY, C.P. 64100, NUEVO LEÓN","https://maps.google.com/maps?q=25.76901,-100.40068&z=15&iwloc=near&addr",07:00-16:00,6889865
U-1692 LA CASA DE LA ABUELA RAQUEL,GUARDERÍA,OTROS SERVICIOS,"PADRE MIER PONIENTE NUMERO 468  MONTERREY, COL. CENTRO, MONTERREY, C.P. 64000, NUEVO LEÓN","https://maps.google.com/maps?q=25.669723,-100.3223597&z=15&iwloc=near&addr",07:00-16:00,6889865
U-0775 CRECE Y APRENDE S.C.,GUARDERÍA,OTROS SERVICIOS,"CASTAŅO 5109  MONTERREY, COL. VALLE VERDE 1ER. SECTOR, MONTERREY, C.P. 64360, NUEVO LEÓN","https://maps.google.com/maps?q=25.72464,-100.36936&z=15&iwloc=near&addr",07:00-16:30,6889865
G-0005 GUARDERÍA ORDINARIA G - 0005 MONTERREY,GUARDERÍA,OTROS SERVICIOS,"RÍO BRAVO S/N  MONTERREY, COL. BERNARDO REYES, MONTERREY, C.P. 64280, NUEVO LEÓN","https://maps.google.com/maps?q=25.70989,-100.34101&z=15&iwloc=near&addr",06:30-21:30,6889865
U-0347 LA ORUGA ESTANCIA INFANTIL S.C.,GUARDERÍA,OTROS SERVICIOS,"FRANCISCO GARZA SADA 658  MONTERREY, COL. CHEPEVERA, MONTERREY, C.P. 64030, NUEVO LEÓN","https://maps.google.com/maps?q=25.6807,-100.34936&z=15&iwloc=near&addr",07:00-16:00,6889865
U-0957 GUARDERÍA PARTICIPATIVA DOŅA CONSUELO DE LA GARZA EVIA VIUDA DE SANTOS A.C.,GUARDERÍA,OTROS SERVICIOS,"SERTOMA 3000  MONTERREY, COL. LOS DOCTORES, MONTERREY, C.P. 64710, NUEVO LEÓN","https://maps.google.com/maps?q=25.66708,-100.35008&z=15&iwloc=near&addr",07:00-18:00,6889865
G-0004 GUARDERÍA ORDINARIA G - 0004 MONTERREY,GUARDERÍA,OTROS SERVICIOS,"OCAMPO 113 PTE  MONTERREY, COL. MIRADOR, MONTERREY, C.P. 64910, NUEVO LEÓN","https://maps.google.com/maps?q=25.66829,-100.33166&z=15&iwloc=near&addr",07:00-19:00,6889865
U-0132 GUARDERÍA EL SUEŅO DEL ÁNGEL S.C.,GUARDERÍA,OTROS SERVICIOS,"CARLOS DE VELAZCO 132 Y 275  MONTERREY, COL. BURÓCRATAS DEL ESTADO, MONTERREY, C.P. 64380, NUEVO LEÓN","https://maps.google.com/maps?q=25.70732,-100.3652&z=15&iwloc=near&addr",07:30-16:30,6889865
U-0564 ALEGRES DÍAS S.C.,GUARDERÍA,OTROS SERVICIOS,"CARVAJAL Y DE LA CUEVA 809 Y 813  MONTERREY, COL. CENTRO, MONTERREY, C.P. 64000, NUEVO LEÓN","https://maps.google.com/maps?q=25.68139,-100.303&z=15&iwloc=near&addr",07:30-16:30,6889865
U-0565 EDUCAFILLE INSTITUTO S.C.,GUARDERÍA,OTROS SERVICIOS,"AVENIDA GRAL. JOSÉ MA. MIER 211  MONTERREY, COL. BURÓCRATAS DEL ESTADO, MONTERREY, C.P. 64380, NUEVO LEÓN","https://maps.google.com/maps?q=25.70819,-100.36512&z=15&iwloc=near&addr",07:30-16:30,6889865
U-0762 INSTITUTO BENEDIC VISTA HERMOSA,GUARDERÍA,OTROS SERVICIOS,"TERRANOVA 812  MONTERREY, COL. VISTA HERMOSA, MONTERREY, C.P. 64620, NUEVO LEÓN","https://maps.google.com/maps?q=25.69656,-100.36225&z=15&iwloc=near&addr",07:30-16:30,6889865
U-0770 INSTITUTO BENEDIC,GUARDERÍA,OTROS SERVICIOS,"ANÍBAL 732  MONTERREY, COL. CUMBRES 3ER SECTOR, MONTERREY, C.P. 64610, NUEVO LEÓN","https://maps.google.com/maps?q=25.71954,-100.38013&z=15&iwloc=near&addr",07:30-16:30,6889865
U-0759 CENTRO DE DESARROLLO INFANTIL SUTERM 1 MONTERREY A.C.,GUARDERÍA,OTROS SERVICIOS,"PROLONGACIÓN JUÁREZ 1556  MONTERREY, COL. SARABIA, MONTERREY, C.P. 64490, NUEVO LEÓN","https://maps.google.com/maps?q=25.68797,-100.31245&z=15&iwloc=near&addr",07:30-17:30,6889865
U-0958 GUARDERÍA TEC DE MONTERREY,GUARDERÍA,OTROS SERVICIOS,"JUNCO DE LA VEGA 2515  MONTERREY, COL. CERRO DE LA SILLA, MONTERREY, C.P. 64810, NUEVO LEÓN","https://maps.google.com/maps?q=25.65443,-100.29078&z=15&iwloc=near&addr",07:30-18:00,6889865
U-0710 CENTRO INFANTIL JOSE MARROQUÍN S.C.,GUARDERÍA,OTROS SERVICIOS,"HIDALGO 502 SUR  SAN NICOLAS DE LOS GARZA, COL. CENTRO, SAN NICOLÁS DE LOS GARZA, C.P. 66400, NUEVO LEÓN","https://maps.google.com/maps?q=25.75215,-100.28894&z=15&iwloc=near&addr",07:00-16:00,6889865
U-1283 APRENDER A SER S.C.,GUARDERÍA,OTROS SERVICIOS,"CALLE 5 111 B SAN NICOLAS DE LOS GARZA, COL. SANTO DOMINGO, SAN NICOLÁS DE LOS GARZA, C.P. 66437, NUEVO LEÓN","https://maps.google.com/maps?q=25.75346,-100.25284&z=15&iwloc=near&addr",07:00-16:00,6889865
U-0134 APRENDER A SER S.C.,GUARDERÍA,OTROS SERVICIOS,"CALLE 17 200  SAN NICOLAS DE LOS GARZA, COL. JARDINES DE ANÁHUAC, SAN NICOLÁS DE LOS GARZA, C.P. 66463, NUEVO LEÓN","https://maps.google.com/maps?q=25.73345,-100.2789&z=15&iwloc=near&addr",07:00-16:00,6889865
U-1581 ENTRETENIMIENTO KIDS,GUARDERÍA,OTROS SERVICIOS,"PROLONGACIÓN LINCOLN S/N  SAN PEDRO GARZA GARCIA, COL. EXCOMUNIDAD DE LAS GARZAS, SAN PEDRO GARZA GARCÍA, C.P. 66000, NUEVO LEÓN","https://maps.google.com/maps?q=25.80792,-100.56603&z=15&iwloc=near&addr",07:00-16:00,6889865
U-1595 DELIA RÍOS PADILLA,GUARDERÍA,OTROS SERVICIOS,"HORTELANOS 789  SAN PEDRO GARZA GARCIA, COL. LOS PINOS, SAN PEDRO GARZA GARCÍA, C.P. 66239, NUEVO LEÓN","https://maps.google.com/maps?q=25.67061,-100.39492&z=15&iwloc=near&addr",07:00-16:00,6889865
U-0777 VILLAS ASISTENCIALES SANTA MARÍA A.B.P.,GUARDERÍA,OTROS SERVICIOS,"TERCERA AVENIDA 901  SANTA CATARINA, COL. ZIMIX, SANTA CATARINA, C.P. 66358, NUEVO LEÓN","https://maps.google.com/maps?q=25.68258,-100.47248&z=15&iwloc=near&addr",07:00-16:00,6889865
U-0810 GUARDERÍA PARTICIPATIVA INDUSTRIALES DEL PONIENTE A.C.,GUARDERÍA,OTROS SERVICIOS,"TEOTIHUACAN 309  SANTA CATARINA, COL. LA FAMA II, SANTA CATARINA, C.P. 66116, NUEVO LEÓN","https://maps.google.com/maps?q=25.68338,-100.42147&z=15&iwloc=near&addr",07:30-16:30,6889865
U-0348 CARITAS FELICES DE SANTIAGO NUEVO LEÓN S.C.,GUARDERÍA,OTROS SERVICIOS,"PROLONGACIÓN BENITO JUÁREZ 103  SANTIAGO, COL. CONGREGACIÓN SAN JOSÉ NORTE, SANTIAGO, C.P. 67329, NUEVO LEÓN","https://maps.google.com/maps?q=25.39652,-100.12942&z=15&iwloc=near&addr",07:30-16:30,6889865
U-0345 MINIMI S.C.,GUARDERÍA,OTROS SERVICIOS,"PASEO DE LAS GARDENIAS 5401  MONTERREY, COL. PASEO RESIDENCIAL, MONTERREY, C.P. 64920, NUEVO LEÓN","https://maps.google.com/maps?q=25.6213,-100.29771&z=15&iwloc=near&addr",07:00-16:30,6889865
UMF 49 AGUALEGUAS,CLÍNICA,PUESTOS DE VACUNACIÓN,"NOGALAR KM 1 SIN NUMERO  NUEVO LEÓN, COL. JARDÃN AGUALEGUAS, AGUALEGUAS, C.P. 65800, NUEVO LEÓN","https://maps.google.com/maps?q=26.3098,-99.5388&z=15&iwloc=near&addr",08:00 A 20:00 - LUN MAR MIE JUE VIE,N/D
UMFH 16 ALLENDE,CLÍNICA,PUESTOS DE VACUNACIÓN,"MORELOS Y ESCOBEDO SIN NUMERO  NUEVO LEÓN, COL. SECCIÓN CENTRO, ALLENDE, C.P. 67350, NUEVO LEÓN","https://maps.google.com/maps?q=25.2787,-100.02&z=15&iwloc=near&addr",08:00 A 20:00 - DOM LUN MAR MIE JUE VIE SAB,N/D
UMF 48 CD. ANÁHUAC,CLÍNICA,PUESTOS DE VACUNACIÓN,"MONTERREYCOLOMBIA KM 1.5 SIN NUMERO  NUEVO LEÓN, COL. ANÃHUAC Y RODRÃGUEZ CENTRO, ANAHUAC, C.P. 65030, NUEVO LEÓN","https://maps.google.com/maps?q=27.2377,-100.142&z=15&iwloc=near&addr",08:00 A 20:00 - LUN MAR MIE JUE VIE,N/D
UMF 19 APODACA,CLÍNICA,PUESTOS DE VACUNACIÓN,"MORELOS 420  NUEVO LEÓN, COL. APODACA CENTRO, APODACA, C.P. 66600, NUEVO LEÓN","https://maps.google.com/maps?q=25.7389,-100.194&z=15&iwloc=near&addr",08:00 A 20:00 - DOM LUN MAR MIE JUE VIE SAB,N/D
UMF 58 S. PEDRO GARZA,CLÍNICA,PUESTOS DE VACUNACIÓN,"DÍAZ ORDAZ 336  NUEVO LEÓN, COL. ZONA INDUSTRIAL, SAN PEDRO GARZA GARCIA, C.P. 66217, NUEVO LEÓN","https://maps.google.com/maps?q=25.67471,-100.4095778&z=15&iwloc=near&addr",08:00 A 20:00 - DOM LUN MAR MIE JUE VIE SAB,N/D
UMF 42 EL CARMEN,CLÍNICA,PUESTOS DE VACUNACIÓN,"VENUSTIANO CARRANZA 401  NUEVO LEÓN, COL. EL CARMEN CENTRO, EL CARMEN, C.P. 66550, NUEVO LEÓN","https://maps.google.com/maps?q=25.9349,-100.357&z=15&iwloc=near&addr",08:00 A 20:00 - DOM LUN MAR MIE JUE VIE SAB,N/D
UMF 54 ARAMBERRI,CLÍNICA,PUESTOS DE VACUNACIÓN,"A LAMPACITOS KM 1. SIN NUMERO  NUEVO LEÓN, COL. ARAMBERI CENTRO, ARAMBERRI, C.P. 67940, NUEVO LEÓN","https://maps.google.com/maps?q=24.1029,-99.8191&z=15&iwloc=near&addr",08:00 A 20:00 - LUN MAR MIE JUE VIE,N/D
UMF 56 LA ASCENCIÓN,CLÍNICA,PUESTOS DE VACUNACIÓN,"BERNARDO REYES SIN NUMERO  NUEVO LEÓN, COL. LA ASCENSIÓN, ARAMBERRI, C.P. 67950, NUEVO LEÓN","https://maps.google.com/maps?q=24.3246,-99.9138&z=15&iwloc=near&addr",08:00 A 20:00 - LUN MAR MIE JUE VIE,N/D
UMF 50 CERRALVO,CLÍNICA,PUESTOS DE VACUNACIÓN,"GENERAL CALLES SIN NUMERO  NUEVO LEÓN, COL. CIUDAD CERRARLVO, CERRALVO, C.P. 65900, NUEVO LEÓN","https://maps.google.com/maps?q=26.0815,-99.6195&z=15&iwloc=near&addr",08:00 A 20:00 - LUN MAR MIE JUE VIE,N/D
UMF 44 CIÉNEGA FLORES,CLÍNICA,PUESTOS DE VACUNACIÓN,"INDEPENDENCIA 680  NUEVO LEÓN, COL. CIÉNEGA DE FLORES CENTRO, CIENEGA DE FLORES, C.P. 65550, NUEVO LEÓN","https://maps.google.com/maps?q=25.9581,-100.17&z=15&iwloc=near&addr",08:00 A 20:00 - DOM LUN MAR MIE JUE VIE SAB,N/D
UMF 51 CHINA,CLÍNICA,PUESTOS DE VACUNACIÓN,"ZARAGOZA 1414  NUEVO LEÓN, COL. REVOLUCIÓN, CHINA, C.P. 67050, NUEVO LEÓN","https://maps.google.com/maps?q=25.7024,-99.2389&z=15&iwloc=near&addr",08:00 A 20:00 - LUN MAR MIE JUE VIE,N/D
UMF 55 DR. ARROYO,CLÍNICA,PUESTOS DE VACUNACIÓN,"LINARES SIN NUMERO  NUEVO LEÓN, COL. DOCTOR ARROYO CENTRO, DOCTOR ARROYO, C.P. 67900, NUEVO LEÓN","https://maps.google.com/maps?q=23.6728,-100.182&z=15&iwloc=near&addr",08:00 A 20:00 - LUN MAR MIE JUE VIE,N/D
UMF 53 GALEANA,CLÍNICA,PUESTOS DE VACUNACIÓN,"GALEANA LINARES KM 1 SIN NUMERO  NUEVO LEÓN, COL. GALEANA, GALEANA, C.P. 67850, NUEVO LEÓN","https://maps.google.com/maps?q=24.8212,-100.077&z=15&iwloc=near&addr",08:00 A 20:00 - LUN MAR MIE JUE VIE,N/D
UMF 52 SAN RAFAEL,CLÍNICA,PUESTOS DE VACUNACIÓN,"57 KM 180 SIN NUMERO  NUEVO LEÓN, COL. SAN RAFAEL, GALEANA, C.P. 67865, NUEVO LEÓN","https://maps.google.com/maps?q=25.0304,-100.554&z=15&iwloc=near&addr",08:00 A 20:00 - LUN MAR MIE JUE VIE,N/D
UMF 24 VILLA GARCÍA,CLÍNICA,PUESTOS DE VACUNACIÓN,"LERDO DE TEJADA 112  NUEVO LEÓN, COL. CENTRO VILLA DE GARCÍA (CASCO), GARCIA, C.P. 66000, NUEVO LEÓN","https://maps.google.com/maps?q=25.811,-100.605&z=15&iwloc=near&addr",08:00 A 20:00 - DOM LUN MAR MIE JUE VIE SAB,N/D
UMF-UMAA 7 SAN PEDRO GARZA,CLÍNICA,PUESTOS DE VACUNACIÓN,"DÍAZ ORDAZ SIN NUMERO  NUEVO LEÓN, COL. ZONA INDUSTRIAL, SAN PEDRO GARZA GARCIA, C.P. 66217, NUEVO LEÓN","https://maps.google.com/maps?q=25.6744051,-100.4063476&z=15&iwloc=near&addr",08:00 A 20:00 - DOM LUN MAR MIE JUE VIE SAB,N/D
UMFH 13 GRAL. TERAN,CLÍNICA,PUESTOS DE VACUNACIÓN,"REFORMA SIN NUMERO  NUEVO LEÓN, COL. GENERAL TERÃN, GENERAL TERAN, C.P. 67400, NUEVO LEÓN","https://maps.google.com/maps?q=25.2602,-99.6802&z=15&iwloc=near&addr",08:00 A 20:00 - LUN MAR MIE JUE VIE,N/D
UMFH 14 CADEREYTA,CLÍNICA,PUESTOS DE VACUNACIÓN,"JUÃREZ SIN NUMERO  NUEVO LEÓN, COL. CADEREYTA JIMÉNEZ CENTRO, CADEREYTA JIMENEZ, C.P. 67480, NUEVO LEÓN","https://maps.google.com/maps?q=25.5893,-99.9845&z=15&iwloc=near&addr",08:00 A 20:00 - DOM LUN MAR MIE JUE VIE SAB,N/D
UMF 27 V. GUADALUPE,CLÍNICA,PUESTOS DE VACUNACIÓN,"CARDENAL Y GORRION SIN NUMERO  NUEVO LEÓN, COL. CIUDAD GUADALUPE CENTRO, GUADALUPE, C.P. 67100, NUEVO LEÓN","https://maps.google.com/maps?q=25.662,-100.238&z=15&iwloc=near&addr",08:00 A 20:00 - DOM LUN MAR MIE JUE VIE SAB,N/D
UMF 29 V. GUADALUPE,CLÍNICA,PUESTOS DE VACUNACIÓN,"PABLO LIVAS 5501  NUEVO LEÓN, COL. RESIDENCIAL GUADALUPE, GUADALUPE, C.P. 67190, NUEVO LEÓN","https://maps.google.com/maps?q=25.6643,-100.205&z=15&iwloc=near&addr",08:00 A 20:00 - DOM LUN MAR MIE JUE VIE SAB,N/D
UMF 30 PINO,CLÍNICA,PUESTOS DE VACUNACIÓN,"MARGARITA MAZA DE JUÃREZ SIN NUMERO  NUEVO LEÓN, COL. CHULAVISTA, GUADALUPE, C.P. 67188, NUEVO LEÓN","https://maps.google.com/maps?q=25.7657,-100.266&z=15&iwloc=near&addr",08:00 A 20:00 - DOM LUN MAR MIE JUE VIE SAB,N/D
UMF 32 V. GUADALUPE,CLÍNICA,PUESTOS DE VACUNACIÓN,"ARTEAGA Y JIMÉNEZ SIN NUMERO  NUEVO LEÓN, COL. PARAÃSO, GUADALUPE, C.P. 67140, NUEVO LEÓN","https://maps.google.com/maps?q=25.6753,-100.267&z=15&iwloc=near&addr",08:00 A 20:00 - DOM LUN MAR MIE JUE VIE SAB,N/D
UMF 18 HUALAHUISES,CLÍNICA,PUESTOS DE VACUNACIÓN,"CHAPULTEPEC 101  NUEVO LEÓN, COL. CENTRO HUALAHUISES, HUALAHUISES, C.P. 67890, NUEVO LEÓN","https://maps.google.com/maps?q=24.884,-99.6769&z=15&iwloc=near&addr",08:00 A 20:00 - LUN MAR MIE JUE VIE,N/D
UMF 20 V. JUÁREZ,CLÍNICA,PUESTOS DE VACUNACIÓN,"ARTURO BONIFACIO DE LA GARZA SIN NUMERO  NUEVO LEÓN, COL. BENITO JUÃREZ CENTRO, JUAREZ, C.P. 67250, NUEVO LEÓN","https://maps.google.com/maps?q=25.6436,-100.093&z=15&iwloc=near&addr",08:00 A 20:00 - DOM LUN MAR MIE JUE VIE SAB,N/D
UMF 47 LAMPAZOS,CLÍNICA,PUESTOS DE VACUNACIÓN,"ZUAZUA 904  NUEVO LEÓN, COL. LAMPAZOS DE NARANJO, LAMPAZOS DE NARANJO, C.P. 65070, NUEVO LEÓN","https://maps.google.com/maps?q=27.0248,-100.507&z=15&iwloc=near&addr",08:00 A 20:00 - LUN MAR MIE JUE VIE,N/D
HGSMF 12 LINARES,HOSPITAL,PUESTOS DE VACUNACIÓN,"EMILIO CARRANZA SIN NUMERO  NUEVO LEÓN, COL. LINARES CENTRO, LINARES, C.P. 67700, NUEVO LEÓN","https://maps.google.com/maps?q=24.8638743,-99.5711106&z=15&iwloc=near&addr",08:00 A 20:00 - DOM LUN MAR MIE JUE VIE SAB,N/D
HGSMF 11 MONTEMORELOS,HOSPITAL,PUESTOS DE VACUNACIÓN,"JOSÉ MA. PARAS Y BALLESTEROS SIN NUMERO  NUEVO LEÓN, COL. MONTEMORELOS CENTRO, MONTEMORELOS, C.P. 67500, NUEVO LEÓN","https://maps.google.com/maps?q=25.1853841,-99.8415845&z=15&iwloc=near&addr",08:00 A 20:00 - DOM LUN MAR MIE JUE VIE SAB,N/D
HGZMF 2 MONTERREY,HOSPITAL,PUESTOS DE VACUNACIÓN,"CONSTITUCION SIN NUMERO  NUEVO LEÓN, COL. OBRERA, MONTERREY, C.P. 64010, NUEVO LEÓN","https://maps.google.com/maps?q=25.6702906,-100.2962297&z=15&iwloc=near&addr",08:00 A 20:00 - DOM LUN MAR MIE JUE VIE SAB,N/D
UMF 15 MONTERREY,CLÍNICA,PUESTOS DE VACUNACIÓN,"ISAAC GARZA 200  NUEVO LEÓN, COL. CENTRO, MONTERREY, C.P. 64000, NUEVO LEÓN","https://maps.google.com/maps?q=25.7034,-100.284&z=15&iwloc=near&addr",08:00 A 20:00 - DOM LUN MAR MIE JUE VIE SAB,N/D
UMF 26 MONTERREY,CLÍNICA,PUESTOS DE VACUNACIÓN,"ABRAHAM LINCOLN SIN NUMERO  NUEVO LEÓN, COL. VALLE VERDE 1ER SECTOR, MONTERREY, C.P. 64360, NUEVO LEÓN","https://maps.google.com/maps?q=25.7284,-100.369&z=15&iwloc=near&addr",08:00 A 20:00 - LUN MAR MIE JUE VIE,N/D
UMF 28 MONTERREY,CLÍNICA,PUESTOS DE VACUNACIÓN,"PENITENCIARIA SIN NUMERO  NUEVO LEÓN, COL. BERNARDO REYES, MONTERREY, C.P. 64280, NUEVO LEÓN","https://maps.google.com/maps?q=25.7221,-100.333&z=15&iwloc=near&addr",08:00 A 20:00 - DOM LUN MAR MIE JUE VIE SAB,N/D
UMF 3 MONTERREY,CLÍNICA,PUESTOS DE VACUNACIÓN,"FÉLIX URESTI GÓMEZ Y COLÓN SIN NUMERO  NUEVO LEÓN, COL. MONTERREY CENTRO, MONTERREY, C.P. 64000, NUEVO LEÓN","https://maps.google.com/maps?q=25.6842,-100.297&z=15&iwloc=near&addr",08:00 A 20:00 - LUN MAR MIE JUE VIE,N/D
UMF 35 MONTERREY,CLÍNICA,PUESTOS DE VACUNACIÓN,"SOLIDARIDAD Y MAGNOLIA SIN NUMERO  NUEVO LEÓN, COL. RESIDENCIAL AZTALN, MONTERREY, C.P. 64250, NUEVO LEÓN","https://maps.google.com/maps?q=25.7325,-100.347&z=15&iwloc=near&addr",08:00 A 20:00 - LUN MAR MIE JUE VIE,N/D
UMF 36 MONTERREY,CLÍNICA,PUESTOS DE VACUNACIÓN,"LÃZARO CÃRDENAS 6751  NUEVO LEÓN, COL. 15 DE SEPTIEMBRE, MONTERREY, C.P. 64760, NUEVO LEÓN","https://maps.google.com/maps?q=25.6293,-100.297&z=15&iwloc=near&addr",08:00 A 20:00 - LUN MAR MIE JUE VIE,N/D
UMF 37 MONTERREY,CLÍNICA,PUESTOS DE VACUNACIÓN,"REFORMA 2913  NUEVO LEÓN, COL. MITRAS CENTRO, MONTERREY, C.P. 64460, NUEVO LEÓN","https://maps.google.com/maps?q=25.6873,-100.342&z=15&iwloc=near&addr",08:00 A 20:00 - DOM LUN MAR MIE JUE VIE SAB,N/D
UMF 38 MONTERREY,CLÍNICA,PUESTOS DE VACUNACIÓN,"JUAN IGNACIO RAMÓN Y GUERRERO SIN NUMERO  NUEVO LEÓN, COL. MONTERREY CENTRO, MONTERREY, C.P. 64000, NUEVO LEÓN","https://maps.google.com/maps?q=25.6711,-100.314&z=15&iwloc=near&addr",08:00 A 20:00 - LUN MAR MIE JUE VIE,N/D
UMF 39 MONTERREY,CLÍNICA,PUESTOS DE VACUNACIÓN,"ESTORNINO 5360  NUEVO LEÓN, COL. VALLE VERDE 2O. SECTOR, MONTERREY, C.P. 64117, NUEVO LEÓN","https://maps.google.com/maps?q=25.7396,-100.382&z=15&iwloc=near&addr",08:00 A 20:00 - DOM LUN MAR MIE JUE VIE SAB,N/D
UMF 5 MONTERREY,CLÍNICA,PUESTOS DE VACUNACIÓN,"IGNACIO MORONES PRIETO 2292  NUEVO LEÓN, COL. LOMA LARGA, MONTERREY, C.P. 64710, NUEVO LEÓN","https://maps.google.com/maps?q=25.6663,-100.338&z=15&iwloc=near&addr",08:00 A 20:00 - LUN MAR MIE JUE VIE,N/D
UMF 64 STA. CATARINA,CLÍNICA,PUESTOS DE VACUNACIÓN,"MANUEL ORDOŅEZ SIN NUMERO  NUEVO LEÓN, COL. CUMBRES DE SANTA CATARIINA, SANTA CATARINA, C.P. 66358, NUEVO LEÓN","https://maps.google.com/maps?q=25.6826273,-100.4864691&z=15&iwloc=near&addr",08:00 A 20:00 - DOM LUN MAR MIE JUE VIE SAB,N/D
HGSMF 10 SABINAS HGO.,HOSPITAL,PUESTOS DE VACUNACIÓN,"ESCOBEDO Y ALDAMA 415  NUEVO LEÓN, COL. SABINAS HIDALGO CENTRO, SABINAS HIDALGO, C.P. 65200, NUEVO LEÓN","https://maps.google.com/maps?q=26.5035582,-100.1845014&z=15&iwloc=near&addr",08:00 A 20:00 - LUN MAR MIE JUE VIE,N/D
UMF 9 SALINAS VICTORIA,CLÍNICA,PUESTOS DE VACUNACIÓN,"ZARAGOZA 7  NUEVO LEÓN, COL. VALLE DE SALINAS, SALINAS VICTORIA, C.P. 65500, NUEVO LEÓN","https://maps.google.com/maps?q=25.9672,-100.292&z=15&iwloc=near&addr",08:00 A 20:00 - DOM LUN MAR MIE JUE VIE SAB,N/D
HGZMF 6 S. NICOLAS GARZA,HOSPITAL,PUESTOS DE VACUNACIÓN,"JUÃREZ SIN NUMERO  NUEVO LEÓN, COL. ITURBIDE, SAN NICOLAS DE LOS GARZA, C.P. 66420, NUEVO LEÓN","https://maps.google.com/maps?q=25.7525411,-100.2987849&z=15&iwloc=near&addr",08:00 A 20:00 - LUN MAR MIE JUE VIE,N/D
UMF 31 S. NICOLAS GARZA,CLÍNICA,PUESTOS DE VACUNACIÓN,"BENITO JUÃREZ SIN NUMERO  NUEVO LEÓN, COL. ITURBIDE, SAN NICOLAS DE LOS GARZA, C.P. 66420, NUEVO LEÓN","https://maps.google.com/maps?q=25.7362,-100.271&z=15&iwloc=near&addr",08:00 A 20:00 - DOM LUN MAR MIE JUE VIE SAB,N/D
UMF 68 RINCÓN DE LA SIERRA,CLÍNICA,PUESTOS DE VACUNACIÓN,"MAESTRO ISRAEL CAVAZOS 350  NUEVO LEÓN, COL. RINCÓN DE LA SIERRA, GUADALUPE, C.P. 67194, NUEVO LEÓN","https://maps.google.com/maps?q=25.6792,-100.235&z=15&iwloc=near&addr",08:00 A 20:00 - DOM LUN MAR MIE JUE VIE SAB,N/D
UMF 69 LINCOLN,CLÍNICA,PUESTOS DE VACUNACIÓN,"ABRAHAM LINCOLN SIN NUMERO  NUEVO LEÓN, COL. VALLE VERDE 1ER SECTOR, MONTERREY, C.P. 64360, NUEVO LEÓN","https://maps.google.com/maps?q=25.6714,-100.309&z=15&iwloc=near&addr",08:00 A 20:00 - DOM LUN MAR MIE JUE VIE SAB,N/D
UMF 70 ZUAZUA,CLÍNICA,PUESTOS DE VACUNACIÓN,"LA REFORMA SIN NUMERO  NUEVO LEÓN, COL. REAL DE PALMAS, GENERAL ZUAZUA, C.P. 65760, NUEVO LEÓN",,08:00 A 20:00 - DOM LUN MAR MIE JUE VIE SAB,N/D
UMF 41 DR. GONZÁLEZ,CLÍNICA,PUESTOS DE VACUNACIÓN,"MATAMOROS 109  NUEVO LEÓN, COL. DR. GONZÃLEZ, DOCTOR GONZALEZ, C.P. 66750, NUEVO LEÓN","https://maps.google.com/maps?q=25.8580751,-99.9446021&z=15&iwloc=near&addr",08:00 A 20:00 - LUN MAR MIE JUE VIE,N/D
UMF 43 ESCOBEDO,CLÍNICA,PUESTOS DE VACUNACIÓN,"GUANAJUATO 200  NUEVO LEÓN, COL. CELESTINO GASCA, GENERAL ESCOBEDO, C.P. 66055, NUEVO LEÓN","https://maps.google.com/maps?q=25.77414,-100.3184&z=15&iwloc=near&addr",08:00 A 20:00 - DOM LUN MAR MIE JUE VIE SAB,N/D
UMF 45 HIDALGO,CLÍNICA,PUESTOS DE VACUNACIÓN,"MORELOS SIN NUMERO  NUEVO LEÓN, COL. MORELOS, HIDALGO, C.P. 65600, NUEVO LEÓN","https://maps.google.com/maps?q=25.9729,-100.454&z=15&iwloc=near&addr",08:00 A 20:00 - LUN MAR MIE JUE VIE,N/D
UMF 8 EL CERCADO,CLÍNICA,PUESTOS DE VACUNACIÓN,"NACIONAL SIN NUMERO  NUEVO LEÓN, COL. EL CERCADO CENTRO, SANTIAGO, C.P. 67320, NUEVO LEÓN","https://maps.google.com/maps?q=25.4269,-100.152&z=15&iwloc=near&addr",08:00 A 20:00 - DOM LUN MAR MIE JUE VIE SAB,N/D
UMF 46 VILLA ALDAMA,CLÍNICA,PUESTOS DE VACUNACIÓN,"GUERRERO SIN NUMERO  NUEVO LEÓN, COL. VILLALDAMA, VILLALDAMA, C.P. 65350, NUEVO LEÓN","https://maps.google.com/maps?q=26.4933,-100.431&z=15&iwloc=near&addr",08:00 A 20:00 - LUN MAR MIE JUE VIE,N/D
UMF 66 PUEBLO NUEVO,CLÍNICA,PUESTOS DE VACUNACIÓN,"RIO PILON 1000  NUEVO LEÓN, COL. PUEBLO NUEVO V, APODACA, C.P. 66646, NUEVO LEÓN","https://maps.google.com/maps?q=25.76,-100.162&z=15&iwloc=near&addr",08:00 A 20:00 - DOM LUN MAR MIE JUE VIE SAB,N/D
UMF 71 METROPLEX,CLÍNICA,PUESTOS DE VACUNACIÓN,"N-31 201  NUEVO LEÓN, COL. METROPLEX II, APODACA, C.P. 66612, NUEVO LEÓN","https://maps.google.com/maps?q=25.795,-100.2531&z=15&iwloc=near&addr",08:00 A 20:00 - DOM LUN MAR MIE JUE VIE SAB,N/D
UMF 72 BUENA VISTA,CLÍNICA,PUESTOS DE VACUNACIÓN,"VISTA REGIA 582  NUEVO LEÓN, COL. BUENA VISTA, EL CARMEN, C.P. 66583, NUEVO LEÓN","https://maps.google.com/maps?q=25.851894,-100.3696916&z=15&iwloc=near&addr",08:00 A 20:00 - LUN MAR MIE JUE VIE,N/D
TEATRO CUB. MONTERREY,TEATRO,OTROS SERVICIOS,"AV. CONSTITUCIÓN ESQ. PORFIRIO DÍAZ S/N S/N MONTERREY, COL. CENTRO, MONTERREY, C.P. 64000, NUEVO LEÓN","https://maps.google.com/maps?q=25.667519,-100.328148&z=15&iwloc=near&addr",CONSULTAR CARTELERA,818 150 31 32EXT: 41719
VELATORIO NO. 10 MONTERREY,VELATORIO,OTROS SERVICIOS,"AV. DR. IGNACIO MORONES PRIETO ESQUINA AV. BAJA CALIFORNIA S/N S/N , COL. INDEPENDENCIA, MONTERREY, C.P. 64720, NUEVO LEÓN","https://maps.google.com/maps?q=25.6615,-100.308&z=15&iwloc=near&addr",24 HORAS AL DÍA LOS 365 DÍAS DEL AŅO,(818)190-69-35; (818)190-43-03
UMF 38 MONTERREY,CLÍNICA,UNIDADES MEDICAS,"AVENIDA JUAN IGNACIO RAMÓN Y GUERRERO S/N  MONTERREY, COL. MONTERREY CENTRO, MONTERREY, C.P. 64000, NUEVO LEÓN","https://maps.google.com/maps?q=25.6711,-100.314&z=15&iwloc=near&addr",N/D,N/D
UMF 28 MONTERREY,CLÍNICA,UNIDADES MEDICAS,"AVENIDA PENITENCIARIA Y FIDEL VELÁZQUEZ S/N  MONTERREY, COL. BERNARDO REYES, MONTERREY, C.P. 64280, NUEVO LEÓN","https://maps.google.com/maps?q=25.7215,-100.331&z=15&iwloc=near&addr",N/D,N/D
UMF 18 HUALAHUISES,CLÍNICA,UNIDADES MEDICAS,"CALLE CHAPULTEPEC 101  HUALAHUISES, COL. CENTRO HUALAHUISES, HUALAHUISES, C.P. 67890, NUEVO LEÓN","https://maps.google.com/maps?q=24.884,-99.6769&z=15&iwloc=near&addr",N/D,N/D
UMF 51 CHINA,CLÍNICA,UNIDADES MEDICAS,"CALLE ZARAGOZA 1414  CHINA, COL. REVOLUCIÓN, CHINA, C.P. 67050, NUEVO LEÓN","https://maps.google.com/maps?q=25.7024,-99.2389&z=15&iwloc=near&addr",N/D,N/D
HOSPITAL GENERAL DE ZONA CON MEDICINA FAMILIARE(HGZ/MF) 06,MÓDULOS DE ATENCIÓN,MÓDULOS DE ATENCIÓN,"AV. JUÁREZ Y CARRETERA A LAREDO S/N S/N SAN NICOLAS DE LOS GARZA, COL. ITURBIDE, SAN NICOLAS DE LOS GARZA, C.P. 66460, NUEVO LEÓN","https://maps.google.com/maps?q=25.7525,-100.298&z=15&iwloc=near&addr",8:00 - 21:30,(818) 376 29 00
UMF 15 MONTERREY,MÓDULOS DE ATENCIÓN,MÓDULOS DE ATENCIÓN,"CALLE ISAAC GARZA 200 S/N MONTERREY, COL. CENTRO, MONTERREY, C.P. 64000, NUEVO LEÓN","https://maps.google.com/maps?q=25.7034,-100.284&z=15&iwloc=near&addr",8:00 - 20:00,(818) 351 91 55
UNIDAD DE MEDICINA FAMILIAR (UMF) 37,MÓDULOS DE ATENCIÓN,MÓDULOS DE ATENCIÓN,"PROF. MOISES SAENZ Y PROL MADERO S/N S/N MONTERREY, COL. MITRAS CENTRO, MONTERREY, C.P. 64460, NUEVO LEÓN","https://maps.google.com/maps?q=25.6873,-100.342&z=15&iwloc=near&addr",8:00 - 16:00,(818) 348 88 35
UMAE HOSPITAL DE TRAUMATOLOGÍA Y ORTOPEDÍA N° 21 NUEVO LEÓN,MÓDULOS DE ATENCIÓN,MÓDULOS DE ATENCIÓN,"AVENIDA PINO SUAREZ S/N ENTRE 15 DE MAYO Y JUAN IGNACIO RAMÓN S/N  MONTERREY, COL. CENTRO, MONTERREY, C.P. 64000, NUEVO LEÓN","https://maps.google.com/maps?q=25.671907,-100.3196&z=15&iwloc=near&addr",8:00 -21:00 MÓDULO ORDINARIO,(818) 150 31 90 EXT. 41618
HOSPITAL REGIONAL DE PSIQUIATRIA 22 UMC NUEVO LEÓN,MÓDULOS DE ATENCIÓN,MÓDULOS DE ATENCIÓN,"RAYONES 965  MONTERREY, COL. LOS NOGALES, MONTERREY, C.P. 64260, NUEVO LEÓN","https://maps.google.com/maps?q=25.732423,-100.3226&z=15&iwloc=near&addr",7:30 - 21:00,(818) 352 08 08
UMF 72 BUENA VISTA,CLÍNICA,UNIDADES MEDICAS,"AVENIDA VISTA REGIA ENTRE CALLE LIBRELES Y CALLE ANTARES 582  EL CARMEN, COL. BUENA VISTA, EL CARMEN, C.P. 66583, NUEVO LEÓN","https://maps.google.com/maps?q=25.85189399,-100.3696916&z=15&iwloc=near&addr",N/D,N/D
U-1701 CENDI EL ROBLE S.C.,GUARDERÍA,OTROS SERVICIOS,"JOSÉ MARÍA VELAZCO 900  ESCOBEDO, COL. FRACCIONAMIENTO PASEO REAL 1 SECTOR, ABASOLO, C.P. 66072, NUEVO LEÓN","https://maps.google.com/maps?q=25.79647486,-100.3358514&z=15&iwloc=near&addr",07:00-16:00,6889865
U-0351 BABY CARE HOUSE S.C.,GUARDERÍA,OTROS SERVICIOS,"5 DE MAYO 829  MONTERREY, COL. CENTRO, MONTERREY, C.P. 64000, NUEVO LEÓN","https://maps.google.com/maps?q=25.67267,-100.30699&z=15&iwloc=near&addr",07:00-16:00,6889865
U-1395 MENINOS,GUARDERÍA,OTROS SERVICIOS,"VIRGILIO C. GUERRA 301-A  SANTA CATARINA, COL. LA FAMA, SANTA CATARINA, C.P. 66100, NUEVO LEÓN","https://maps.google.com/maps?q=25.67151,-100.42443&z=15&iwloc=near&addr",07:30-16:30,6889865
